﻿Spotify URI,Track Name,Artist Name,Album Name,Disc Number,Track Number,Track Duration (ms),Added By,Added At
"spotify:track:66bq86eX5d1cnuCuD4UPQy","Like Sonny - Alternate Take 5","John Coltrane","Coltrane Jazz","1","11","495733","","2012-10-27T14:47:00Z"
"spotify:track:6oVY50pmdXqLNVeK8bzomn","My Favorite Things","John Coltrane","The Very Best Of John Coltrane","1","6","826000","","2012-10-27T14:49:02Z"
"spotify:track:55iRqCDzLUhVfEkEaPAPtL","Blue Train - Enhanced CD Version;1997 Digital Remaster","John Coltrane","The Ultimate Blue Train","1","1","641840","","2012-10-27T15:01:08Z"
"spotify:track:7nlLZ1kqddA37y392UW1gM","Training in","John Coltrane","The Best of the Best - 57 Takes","1","1","750993","","2012-10-27T15:27:59Z"
"spotify:track:4nr3z581U5NaLwSlPxkRMO","Slow Dance","John Coltrane","The Best of the Best - 57 Takes","1","2","324770","","2012-10-27T15:33:53Z"
"spotify:track:429PpfPq1et09z71Za1hTJ","Soft Lights and Sweet Music","John Coltrane","The Best of the Best - 57 Takes","1","5","278860","","2012-10-27T20:49:35Z"
"spotify:track:695tMsJlQmdT90meFbi53g","Mating Call","John Coltrane","The Best of the Best - 57 Takes","1","6","332522","","2012-10-27T20:55:55Z"
"spotify:track:6LyITUAmXfuoQ2c5iqBCYy","What Is This Thing Called Love?","Sérgio Mendes","Love for Sale","1","2","156200","","2012-10-28T21:14:13Z"
"spotify:track:0UV31ahaLjxYTD2yHMfYKZ","Nica's Dream","Sérgio Mendes","Love for Sale","1","9","171000","","2012-10-28T21:31:42Z"
"spotify:track:5h0pjH9zMgiqLmT73SvkN1","On Green Dolphin Street","Sérgio Mendes","Love for Sale","1","8","173506","","2012-10-28T21:28:58Z"
"spotify:track:2pxOzM1ZmBxlkqYqFEyxiv","Disa","Sérgio Mendes","Love for Sale","1","11","164666","","2012-10-28T21:36:17Z"
"spotify:track:7deRjcnzRZnSw6Ay7we2Nf","Herbie's Blues","Herbie Hancock","Legend Jazz","1","6","352746","","2012-11-15T21:34:10Z"
"spotify:track:7mQjQ2gtaA9nzYwqY3saWI","Hot and Heavy","Herbie Hancock","Legend Jazz","1","8","442665","","2012-11-15T21:43:21Z"
"spotify:track:3oJZRe550LJM38e3AkTbQZ","Night Walker","Herbie Hancock","Legend Jazz","1","11","402901","","2012-11-15T22:03:13Z"
"spotify:track:3fwyhpjVaU5y4Jtx5jgB0C","Driftin'","Herbie Hancock","Triple Best Of","1","3","414066","","2012-11-15T22:22:18Z"
"spotify:track:6eqTYKuh3HW9lYd1sVY4mL","A Tribute To Someone - 1999 Digital Remaster;The Rudy Van Gelder Edition","Herbie Hancock","Triple Best Of","1","7","523986","","2012-11-15T22:49:42Z"
"spotify:track:0J5pEOkFX9eIpWV9oWiC4N","One Finger Snap","Herbie Hancock","Triple Best Of","1","9","438293","","2012-11-15T23:05:18Z"
"spotify:track:3dseQpkhgXM6ieaWc7WVnX","Oliloqui Valley","Herbie Hancock","Triple Best Of","2","1","507120","","2012-11-15T23:13:46Z"
"spotify:track:3b0wyjGCe6pcI32yjkOj4D","The Egg","Herbie Hancock","Triple Best Of","2","2","838746","","2012-11-15T23:24:40Z"
"spotify:track:2RYQ6GVwDM9QtNOy4fgvAG","Tonight","Kleeer","Intimate Connection","1","7","310666","","2012-11-12T16:05:49Z"
"spotify:track:33Cg3zlw26yIQgKjbynKcb","Smokey Taboo","CocoRosie","Grey Oceans","1","2","289560","","2012-11-10T21:09:18Z"
"spotify:local:Alex+Cortiz:Supperclub+2+-+La+Salle+Neige:My+Favourite+Moment:284","My Favourite Moment","Alex Cortiz","Supperclub 2 - La Salle Neige","0","0","284000","","2012-11-12T16:30:29Z"
"spotify:local:Desmond+Williams:Supperclub+2+-+La+Salle+Neige:Return+Of+The+Flipside:245","Return Of The Flipside","Desmond Williams","Supperclub 2 - La Salle Neige","0","0","245000","","2012-11-12T16:30:42Z"
"spotify:local:::Solee+-+Legends+%28Egostereo+Remix%29:507","Solee - Legends (Egostereo Remix)","","","0","0","507000","","2012-11-04T23:26:06Z"
"spotify:track:5ycU3EkVTyTD1HOGpfElVO","The Funk Phenomena - Original","Armand Van Helden","Best of Armand Van Helden","1","8","421240","","2012-11-12T15:52:11Z"
"spotify:local:Jazzanova+Feat.+Vikter+Duplaix:City+Lounge+2:That+Night+%28Wahoo+Mix%29:441","That Night (Wahoo Mix)","Jazzanova Feat. Vikter Duplaix","City Lounge 2","0","0","441000","","2012-11-12T16:40:34Z"
"spotify:track:3MkYbeGCyjPJFiBnoVf1p8","Do it Your Way","Mood II Swing","Radio Slave presents Strictly Rhythms Volume 5","1","7","566893","","2012-11-12T15:51:18Z"
"spotify:track:6dBvCKfJhxGVDF0zSLpuv2","Study Hypno","Arjuna Schiks","Study Hypno","1","1","491725","spotify:user:flngr","2013-01-31T14:58:07Z"
"spotify:track:52TQkEgrxBfMARqx942f3N","Hate Love - Kate Simko's Liquid Disco Remix","Guy Gerber, Dawn Richard","Heart Beats","1","10","411906","spotify:user:flngr","2013-01-31T16:21:44Z"
"spotify:track:7pJnM2aIuZQk9HVNnRnL86","The Sad Piano - Charles Webster Remix","Justin Martin","Buzzin' Fly - 5 Golden Years In The Wilderness - Unmixed and Selected By Ben Watt","1","4","433413","spotify:user:flngr","2013-01-31T16:22:13Z"
"spotify:track:0jEb3JIu5FtivtrtJrXFLN","Random Places","Compuphonic, Spirit Catcher","Ovale","1","1","343320","spotify:user:flngr","2013-02-14T10:08:16Z"
"spotify:track:1wedk3BoK5T58yflQkTVte","Analog Sparkles - 2009 Rework","Compuphonic","Analog Sparkles EP","1","1","417636","spotify:user:flngr","2013-02-14T10:13:35Z"
"spotify:track:3olD1eG5dG88DZ3m9vAP4W","Deep Fruit","Pawas","Music For Lazy People","1","1","421880","spotify:user:flngr","2013-02-14T10:45:01Z"
"spotify:track:5sMQiqu1LYQMFuJpIKCjSo","Roule","Monkey Safari","True Tech House","1","10","417000","spotify:user:flngr","2013-04-01T22:21:28Z"
"spotify:track:6I0rwSnaIDNvgCu3ynhWFi","Hüpft.","Felix Kröcher","Läuft.","1","3","458057","spotify:user:flngr","2013-04-02T17:26:01Z"
"spotify:track:4CxlWn47lPp6V3Vy1Y0loF","Sägt.","Felix Kröcher","Läuft.","1","6","400000","spotify:user:flngr","2013-04-03T19:37:51Z"
"spotify:track:1vriTUkTvN3ldDeoKooGMD","Distorted Disco","Felix Kröcher, Eric Sneo","Connected","1","3","367618","spotify:user:flngr","2013-04-03T20:59:04Z"
"spotify:track:7MlbvrsRqtlJcVEbAqyRI9","Peaktime","Felix Kröcher, Eric Sneo","Connected","1","4","425110","spotify:user:flngr","2013-04-03T21:06:45Z"
"spotify:track:4QEAGaTJn2xHW31C92Ojqx","Ordered Chaos","Felix Kröcher, Eric Sneo","Connected","1","13","379924","spotify:user:flngr","2013-04-03T22:10:25Z"
"spotify:track:2L4QEQhyrwZJBkbeFojj7C","Aya Ama","Rone","Spanish Breakfast","1","4","340600","spotify:user:flngr","2013-04-06T11:27:00Z"
"spotify:track:4OAUeGPgD3yAk9W4hvjyMj","Tasty City","Rone","Spanish Breakfast","1","8","305626","spotify:user:flngr","2013-04-07T19:10:24Z"
"spotify:track:705ytm6Hbm2ny3UfAKIBrU","Casus Belli - Brontosaurus Saga Mix","Plein Soleil","Future Disco, Vol. 2","1","11","609360","spotify:user:flngr","2013-04-08T15:19:07Z"
"spotify:track:3dgGj3q9xAg0AX3xVOv3bz","Keep Me In My Plane - DJ Koze Remix","WhoMadeWho","Future Disco, Vol. 2","1","16","423033","spotify:user:flngr","2013-04-09T15:55:15Z"
"spotify:track:6oZsgTGKGMLy8dLsOcJJVv","Sweden Roof - Orginal Version","David August","Sweden Roof","1","1","420631","spotify:user:flngr","2013-04-30T12:57:39Z"
"spotify:track:3aEZg1V3OOspXHYaarONg5","Soul Kitchen - Orginal Version","David August","Sweden Roof","1","2","494127","spotify:user:flngr","2013-04-30T13:05:19Z"
"spotify:track:1fJN1YJ7NJfrSDGprKtG0V","Rusty Nails","Moderat","Moderat (Deluxe Version)","1","2","272200","spotify:user:flngr","2013-04-30T13:45:18Z"
"spotify:track:23WQiIF0SRf1B1PJAAMswk","Callisto - Joris Voorn Remix","Stephan Bodzin, Marc Romboy","Systematic Colours Vol. 3","1","9","499306","spotify:user:flngr","2013-05-31T21:51:56Z"
"spotify:track:149zx56uRggqDtJxDzO84m","Oui Mais Non","Joris Delacroix","Timid Unreleased 05 - Stéréotypé","1","2","429506","spotify:user:flngr","2013-05-31T22:41:15Z"
"spotify:track:3v7Oh68akDGzoojbIdYd2k","From Within","Johannes Heil","Auto.Matic.Music - Electronic Flashback, Vol. 3","1","14","739518","spotify:user:flngr","2013-06-04T22:02:01Z"
"spotify:track:1L4bOEtv9RcfPvbC5HmS58","Moreno","Anette Party, Anita Coke","Auto.Matic.Music - Electronic Flashback, Vol. 3","1","16","451200","spotify:user:flngr","2013-06-04T22:22:26Z"
"spotify:track:4kaAzoJusIENs0TQCOwtSP","Cool Down","Pablo Bolivar","Auto.Matic.Music - Electronic Flashback, Vol. 3","1","19","431219","spotify:user:flngr","2013-06-04T22:28:59Z"
"spotify:track:3R90meUnoNYRSZn8fewbFj","Wowshit","Karmon","Auto.Matic.Music - Electronic Flashback, Vol. 3","1","20","421651","spotify:user:flngr","2013-06-04T22:38:02Z"
"spotify:track:1ZoOUQtmAEETbG3OpCZ3p7","My Definition - Johannes Heil's Spring Definition","Oliver Klein","Auto.Matic.Music - Electronic Flashback, Vol. 3","1","21","428571","spotify:user:flngr","2013-06-05T12:21:52Z"
"spotify:track:7IXcCy7x88aqefQReec9Iz","Pitanga - Slam Remix","Christian Smith","Auto.Matic.Music - Electronic Flashback, Vol. 3","1","31","425236","spotify:user:flngr","2013-06-06T08:27:35Z"
"spotify:track:5dCEGKvWEASNDTnbnTkEnG","Hi Life - Cheeky Bold Cover","Monkey Safari","Auto.Matic.Music - Electronic Flashback, Vol. 3","1","32","666885","spotify:user:flngr","2013-06-06T20:26:10Z"
"spotify:track:4DACw8ofW6XRyc1MIdZKzW","Hasoweh","Andhim, Super Flu","Auto.Matic.Music - Electronic Flashback, Vol. 3","1","33","432609","spotify:user:flngr","2013-06-06T20:33:54Z"
"spotify:track:1KgI0rlvJDTUjCjZlp5iTV","Detunator - La Force's Seven Bowls Remix","Kink","Auto.Matic.Music - Electronic Flashback, Vol. 3","1","35","426885","spotify:user:flngr","2013-06-07T12:25:37Z"
"spotify:track:3mVixTeWWCVrRiKuFgC4Xu","Dosha's Adventure","Marco Effe","Auto.Matic.Music - Electronic Flashback, Vol. 3","1","36","612380","spotify:user:flngr","2013-06-07T12:33:29Z"
"spotify:track:0BWnF2n36phRj6zK8jQD8Z","Jimbo","Marco Effe","Berlin Afterhour 2 - From Minimal to Techno - From Electro to House","1","35","413333","spotify:user:flngr","2013-06-07T21:15:01Z"
"spotify:track:10tQIcBq73FwcF2QN6IMxQ","Yellow Sunset","Audision","Auto.Matic.Music - Electronic Flashback, Vol. 3","1","40","437663","spotify:user:flngr","2013-06-07T21:28:35Z"
"spotify:track:4kaAzoJusIENs0TQCOwtSP","Cool Down","Pablo Bolivar","Auto.Matic.Music - Electronic Flashback, Vol. 3","1","19","431219","spotify:user:flngr","2013-06-09T23:01:12Z"
"spotify:track:6jJ3anX7rQAClmhSHz10ud","Linear Sky","Lützenkirchen","Organic Techhouse Vol.3","1","1","378044","spotify:user:flngr","2013-06-11T21:30:15Z"
"spotify:track:3Sc77x3OstZ0azAVqU1Q3Y","Furthermore - Oliver Klein & Peter Jürgens Remix","Martin Eyerer","Organic Techhouse Vol.3","1","14","535452","spotify:user:flngr","2013-06-11T22:55:36Z"
"spotify:track:58EDTRzJr8hz8A6NkQTxST","Tango For Noemi - Ramon Tapia Tango Bango Remix","Rainer Weichhold","Organic Techhouse Vol.3","1","17","453988","spotify:user:flngr","2013-06-12T20:24:54Z"
"spotify:track:165GiHP9YZlZil8vCLt6XD","Bayside","Chase Buch, Nick Olivetti","Organic Techhouse Vol.3","1","19","467253","spotify:user:flngr","2013-06-12T20:24:57Z"
"spotify:track:4cr1CyBbuO4cuzfxwfuZ0t","Heat - Marc Romboy Remix","Namito","Organic Techhouse Vol.3","1","24","543475","spotify:user:flngr","2013-06-12T21:05:07Z"
"spotify:track:10Jq6Guvcr5rxoqF2BCJ5L","All She Wants Is - Original Mix","Karotte, Gregor Tresher","Organic Techhouse Vol.3","1","29","418826","spotify:user:flngr","2013-06-12T21:40:46Z"
"spotify:track:1PR6pZ2UQqRYxZhz32p9Gb","Down For Maintenance","Pierre Deutschmann","Organic Techhouse Vol.4","1","26","432500","spotify:user:flngr","2013-06-14T20:58:16Z"
"spotify:track:2Iya12ATzQxavQmva2E55U","Luv & Love","Luca Orsini","Organic Techhouse Vol.4","1","27","435936","spotify:user:flngr","2013-06-14T21:05:00Z"
"spotify:track:2a3FaoqECorBuMHwOkZQpS","I House You","Lützenkirchen","Organic Techhouse Vol.2","1","4","398000","spotify:user:flngr","2013-06-14T21:30:13Z"
"spotify:track:7FXUsIUHr2gbpMZWPk2BNJ","Borderline","Lützenkirchen","Organic Techhouse Vol.2","1","13","368878","spotify:user:flngr","2013-06-15T09:08:31Z"
"spotify:track:3ua5Q5FSlq4PPms09Kt6o5","Escape To Amsterdam","Gregor Tresher","Organic Techhouse Vol.2","1","15","337699","spotify:user:flngr","2013-06-15T09:22:11Z"
"spotify:track:2JcDiMxi4HxjxyjandywEu","Can You Dig It","Ramon Tapia","Organic Techhouse Vol.2","1","23","371192","spotify:user:flngr","2013-06-15T10:18:23Z"
"spotify:track:1TZqbbxnGqKObEZrh7wlvN","Ian Pooley's Orca Mallorca - Remix","Tonka","Organic Techhouse Vol.2","1","24","455298","spotify:user:flngr","2013-06-15T10:26:09Z"
"spotify:track:4ixW6LQNs4n3OXQeeUpQVK","All That Jazz - Lützenkirchen's Lo Mix","Lützenkirchen","Organic Techhouse Vol.2","1","25","363075","spotify:user:flngr","2013-06-15T10:31:26Z"
"spotify:track:20Gp7lppDXEQBAnx3f0io5","Doggie Dance","Trick & Kubic","Organic Techhouse Vol.2","1","27","386217","spotify:user:flngr","2013-06-15T10:45:47Z"
"spotify:track:5kpOye3gjnvcEykOIooptV","Ever Never - Original","Tube, BERGER, Ante Perry","Organic Tech House Vol.5","1","1","472320","spotify:user:flngr","2013-06-15T11:18:37Z"
"spotify:track:3zS7Aey2tfM9CJxdFVuguu","Non Verbal Lessons","Jay Lumen","Organic Tech House Vol.5","1","6","456000","spotify:user:flngr","2013-06-15T11:57:05Z"
"spotify:track:0zbVVy1ZPDAI4dbtxEzcgX","Meltdown - Mihai Popoviciu Remix","Heartik","Organic Tech House Vol.5","1","9","461906","spotify:user:flngr","2013-06-15T20:03:44Z"
"spotify:track:15Fx00aWVNTZSpXAoEcYY7","It`s our Future - Tube & Berger Remix","Tom Wax","Organic Tech House Vol.5","1","11","433920","spotify:user:flngr","2013-06-15T20:22:00Z"
"spotify:track:4vIwZwjwOhU2o2h9yKLTqV","23 Children - Philip Bader Remix","Brian Benson, Michael Gull","Organic Tech House Vol.5","1","12","461562","spotify:user:flngr","2013-06-15T21:08:29Z"
"spotify:track:1zcovaV5Rv6aGaCsNY5aGA","Essa Hei - Original","Nick Olivetti, Chase Buch","Organic Tech House Vol.5","1","14","407132","spotify:user:flngr","2013-06-15T21:44:11Z"
"spotify:track:6AD5F8aDZTx9Bkbktja5Cf","Deeplines - Original","MiniCoolBoyz","Organic Tech House Vol.5","1","15","489636","spotify:user:flngr","2013-06-15T21:53:39Z"
"spotify:track:4LPqXuVKSsZ8V3M3oLdAeS","Whaler","Anton Pieete","Organic Tech House Vol.5","1","16","439724","spotify:user:flngr","2013-06-15T21:58:22Z"
"spotify:track:5kpOye3gjnvcEykOIooptV","Ever Never - Original","Tube, BERGER, Ante Perry","Organic Tech House Vol.5","1","1","472320","spotify:user:flngr","2013-06-15T21:58:39Z"
"spotify:track:2KqGCgRei7r4qzWzo3gi1I","chaos theory - Original","Alec Chizhik, Markus Mehta","Organic Tech House Vol.5","1","19","525972","spotify:user:flngr","2013-06-15T22:19:47Z"
"spotify:track:3gyacYFufpiB1ezy691gGe","Seduction - Original","Tom Flynn","Organic Tech House Vol.5","1","20","429977","spotify:user:flngr","2013-06-15T22:28:24Z"
"spotify:track:6cG3kCfXt4xUm1tTEio958","Most Wanted","Cults","Cults","1","4","183600","spotify:user:flngr","2013-06-24T22:23:23Z"
"spotify:track:11dxCQsSISW0qMGgN4NHZK","Corale alla fine del giorno","Cesare Picco","PianoPiano","1","4","370080","spotify:user:flngr","2013-06-27T22:01:36Z"
"spotify:track:54uvTnch3eJVAnnEwrTci8","Greyjoy - Original Mix","P.A.C.O., Tube & Berger","Poolside : Music, Vol. 2 (A Fine Selection of Deep & Tech House Grooves)","1","16","426885","spotify:user:flngr","2013-07-21T10:39:40Z"
"spotify:track:76ckZscOYjgGAE6KGv6lmV","Delusion of the Enemy - Original Mix","Kink, Marc Romboy","Poolside : Music, Vol. 2 (A Fine Selection of Deep & Tech House Grooves)","1","19","493977","spotify:user:flngr","2013-07-21T20:55:41Z"
"spotify:track:2M0FXOcgSzrJXQedVqVdFz","Mayan Groove - Original Mix","Eddie Krystal","Poolside : Music, Vol. 2 (A Fine Selection of Deep & Tech House Grooves)","1","26","384000","spotify:user:flngr","2013-07-21T21:22:36Z"
"spotify:track:53uIIGgBnWTo0n3GlWEyqP","A Dusty Heart","Carlo Lio","Poolside : Music, Vol. 2 (A Fine Selection of Deep & Tech House Grooves)","1","28","438077","spotify:user:flngr","2013-07-21T21:38:30Z"
"spotify:track:6ooWsCuvYRzhYy0oGp4Oqr","Cut Boots","Zoo Brazil","Poolside : Music, Vol. 2 (A Fine Selection of Deep & Tech House Grooves)","1","29","373804","spotify:user:flngr","2013-07-21T21:42:08Z"
"spotify:track:1diVz84uBKF4KYNbMhCh5C","Away - G-Man Remix","Audision","Poolside : Music, Vol. 2 (A Fine Selection of Deep & Tech House Grooves)","1","30","476665","spotify:user:flngr","2013-07-21T21:45:46Z"
"spotify:track:0VbLYBBy6mwztJ8H6pX4o3","Elif","Marc Romboy","Contrast","1","11","575853","spotify:user:flngr","2013-07-21T21:52:00Z"
"spotify:track:2EG4yWCy827KQ7ByADofS9","L'Arc En Ciel - Original Mix","Marc Romboy","L'Arc En Ciel","1","1","418000","spotify:user:flngr","2013-07-21T21:55:04Z"
"spotify:track:5tIF8AvqAZi6HEShkrUn2c","L'Arc En Ciel - Trikk Remix","Marc Romboy","L'Arc En Ciel","1","4","371039","spotify:user:flngr","2013-07-21T22:09:42Z"
"spotify:track:2qOZTzVUtpgPct0gvCS4zy","The Advent - Original Mix","Marc Romboy","The Advent","1","1","407804","spotify:user:flngr","2013-07-21T22:13:17Z"
"spotify:track:7is3UY8YIQ0uViaSgpLH66","Talking All That Jazz - Patrick Lindsey & M.In Remix","Marc Romboy","Talking All That Jazz","1","2","575158","spotify:user:flngr","2013-07-21T22:21:08Z"
"spotify:track:2m6rO4Lv946ZsKkDNmXItK","Impact Disco - Williams Remix","Marc Romboy","Gemini (The Remixes)","1","1","517268","spotify:user:flngr","2013-07-21T22:23:12Z"
"spotify:track:2S7BVYSaF8dK73A9gKTqiE","Helldorado","Aki Bergen","Helldorado","1","1","413658","spotify:user:flngr","2013-07-21T22:29:34Z"
"spotify:track:4zDAugjPwXCcoB1Vx5Zli8","Broken Down (Original Mix)","Mark Wells","Broken Down","1","1","430000","spotify:user:flngr","2013-07-21T22:33:40Z"
"spotify:track:0qFeFG3T2rNOCGK8e1hpQY","Broken Down (Andrey Zenkoff Remix)","Mark Wells","Broken Down","1","2","495238","spotify:user:flngr","2013-07-21T22:34:01Z"
"spotify:track:4o1GhvLLzi4udXAfOBnpPQ","Shuffle (Original Mix)","Mark Wells","It Could Be Anything","1","3","402000","spotify:user:flngr","2013-07-21T22:35:37Z"
"spotify:track:6NSM0BCwH9tyEfYXj3o0FY","Brass Monkey - Db Sounds Systems Remix","Mark Wells, Tom Brady","Brass Monkey","1","3","525450","spotify:user:flngr","2013-07-21T22:39:33Z"
"spotify:track:1bZWvLYPBE2Yd7WwXypLCy","Afterbelle - Original","Arjuna Schiks","Afterbelle","1","1","371254","spotify:user:flngr","2013-09-02T13:01:12Z"
"spotify:track:0ODr4pUFI8eRMGjeye808G","Primal Groove","Arjuna Schiks","Afterbelle","1","2","339985","spotify:user:flngr","2013-09-02T13:07:34Z"
"spotify:track:6Ln2xjmpif3SELyInlwOj9","It Ain't Mine - Original Mix","Joris Voorn","Future History","1","11","294035","spotify:user:flngr","2013-09-02T15:25:43Z"
"spotify:track:2WuOpHPnnziF6hKjbA0skE","Rejected - Original Mix","Joris Voorn","Future History","1","14","289070","spotify:user:flngr","2013-09-02T15:36:42Z"
"spotify:track:7GquPt1cKCtiH0OOE6liWR","Zeronine - Original Mix","Joris Voorn","Future History","1","15","367338","spotify:user:flngr","2013-09-02T15:38:53Z"
"spotify:track:1tM3BqWZNbmZXvgS4EPOVq","Shining - Third Nation Mix","Joris Voorn","Future History","1","16","313662","spotify:user:flngr","2013-09-02T15:45:33Z"
"spotify:track:11ATLGWJ5RmWMUOVAuWkZb","Missing - Original Mix","Joris Voorn","Future History","1","17","315648","spotify:user:flngr","2013-09-02T15:47:47Z"
"spotify:track:5Pf6H880WjA3HD8gjzB0kJ","Drug Money","Jonathan Rosa","Deep City Grooves Paris","1","5","317419","spotify:user:flngr","2013-09-04T21:40:10Z"
"spotify:track:5Dk8kpo9fqs0asvfUecsoa","Winter Nights Breeze","Sydney","Deep City Grooves Paris","1","10","419500","spotify:user:flngr","2013-09-04T22:11:41Z"
"spotify:track:3nBzSgLbNwKvCBIOvM7qAV","Let's Go - Tube & Berger Remix","UMEK","Deep City Grooves Paris","1","11","394634","spotify:user:flngr","2013-09-04T22:14:18Z"
"spotify:track:3TjYDDICws5b9AcL6EX9D3","Hyp Ist Not (Edit 1) - Edit 1","Lexy, Janés","Berlin Afterhour 2 - From Minimal to Techno - From Electro to House","1","5","325656","spotify:user:flngr","2013-09-06T21:23:21Z"
"spotify:track:3GFpLxm2sXoqWP80laRy0O","Aurora - John Roberts Remix","Audision, John Roberts","Surface to Surface - Remixes All in One","1","1","516299","spotify:user:flngr","2013-09-06T21:41:12Z"
"spotify:track:5oMFEbMRk0hCqE9a3kwne3","Red Sky - Cardini/Burger ASAP Remix","Audision, Jennifer Cardini, Jörg Burger","Surface to Surface - Remixes All in One","1","6","415350","spotify:user:flngr","2013-09-06T21:48:46Z"
"spotify:track:2qvhRz6HA2KHTEcdaCdxCO","Phase Flow - Ada & Tobias Thomas Remix","Audision, Ada, Tobias Thomas","Surface to Surface - Remixes All in One","1","7","530028","spotify:user:flngr","2013-09-06T22:03:59Z"
"spotify:track:1yxlYyPlG9DOFmLnwfCPpE","Phase Flow - Contra Communem Opinionem Remix","Audision, Contra Communem Opinionem","Surface to Surface - Remixes All in One","1","8","383031","spotify:user:flngr","2013-09-06T22:12:17Z"
"spotify:track:490UHcYRYd2cQ3ns4DqWAj","Echoes reality","Max Cooper","Empirisch","1","1","488257","spotify:user:flngr","2013-09-15T21:15:20Z"
"spotify:track:5VhkY8QbXBblLEVJaji53I","Tapis Rouge - Original Mix","Mendo, Danny Serrano","Body Music (Choices, Vol. 1)","1","9","457702","spotify:user:flngr","2013-09-17T09:19:47Z"
"spotify:track:60II2e2ew3hINyQG2sdble","Cottbus","Manuel Tur & Langenberg","Berlin Underground Selection (Finest Electronic Music)","1","5","525706","spotify:user:flngr","2013-10-06T19:27:43Z"
"spotify:track:2RClKLkQ2O8yM7wMk8Ll4n","Escape To Amsterdam","Gregor Tresher","Berlin Underground Selection (Finest Electronic Music)","1","9","337699","spotify:user:flngr","2013-10-06T20:05:07Z"
"spotify:track:16dqmTwmovvMrUsNXHnCrD","Behind The Stars","Pantha Du Prince","Berlin Underground Selection (Finest Electronic Music)","1","19","734613","spotify:user:flngr","2013-10-06T21:10:01Z"
"spotify:track:7Lejn4JutojNIn0yYkqFcg","Zorro - Phonique & Tigerskin Remix","Namito","Berlin Underground Selection (Finest Electronic Music)","1","20","441585","spotify:user:flngr","2013-10-06T21:18:46Z"
"spotify:track:601oWu4fh1z3W2tF0qkrsF","No News Today - Deadbeat Roller Dub","Exercise One, Argenis Brito","Berlin Underground Selection (Finest Electronic Music)","1","21","420346","spotify:user:flngr","2013-10-06T21:31:16Z"
"spotify:track:0lPNCwPIiglOwtpdiV0lcG","Pianoroll - Ramon Tapia Remix","Martin Eyerer & Benno Blome","Berlin Underground Selection (Finest Electronic Music)","1","22","560270","spotify:user:flngr","2013-10-06T21:34:25Z"
"spotify:track:5H0RIhWRu3fTkPwXFcone6","After Rain comes Sun - Joris Voorn Dusty Dub Stab","Solomun","Berlin Underground Selection 2","1","4","402634","spotify:user:flngr","2013-10-07T20:45:08Z"
"spotify:track:6ihW39FD7RvX6PxXceSpNF","Oktavlachs","Super Flu","Berlin Underground Selection 2","1","6","417973","spotify:user:flngr","2013-10-07T21:03:33Z"
"spotify:track:0pGGsGyI9yd0qe4xz1QZ2M","Lustre","Ed Davenport","Berlin Underground Selection 2","1","8","608500","spotify:user:flngr","2013-10-07T21:15:46Z"
"spotify:track:1y6ertqXMvanLoUxdhTIu3","Do You","Hermanez","Berlin Underground Selection 2","1","15","460967","spotify:user:flngr","2013-10-07T22:12:41Z"
"spotify:track:6E6sy4pRhY0RYhzLCXUWSt","Couleur De L'Espoir","Rodriguez Jr. Vs. Marc Romboy","Berlin Underground Selection 2","1","20","411071","spotify:user:flngr","2013-10-08T13:03:04Z"
"spotify:track:6aL20vefcHnsu115QUSSVM","Expand Your Mind","Den Ishu","Berlin Underground Selection 2","1","24","450619","spotify:user:flngr","2013-10-08T13:35:22Z"
"spotify:track:4vS5pFdTc072tP25kRqmWy","Past Is Prologue","Tycho","Past Is Prologue","1","8","350186","spotify:user:flngr","2013-10-27T21:50:47Z"
"spotify:track:6x4x6EnufWQHVNGybYJF1S","Send And Receive - Chachi Jones Remix","Tycho","Past Is Prologue","1","14","357080","spotify:user:flngr","2013-10-27T22:18:05Z"
"spotify:track:79HVFyQWmWrQLK2zoodfN8","Sunrise Projector - Nautilis Remix","Tycho","Past Is Prologue","1","15","235386","spotify:user:flngr","2013-10-27T22:21:14Z"
"spotify:track:0vyEh8wr4BZ13M9KBy52st","Adrift - Shigeto's Adrift A Dream Remix","Tycho","Horizon Line","1","2","298555","spotify:user:flngr","2013-10-27T22:30:09Z"
"spotify:track:2CuIJbQ7CtyS1Rinmmil6T","Bowls - Holden Remix","Caribou","Swim + Swim Remixes","1","5","681426","spotify:user:flngr","2013-10-28T22:45:30Z"
"spotify:track:5SfhLhrXL6ZyWVPYNpSk8u","Kaili - Fuck Buttons Remix","Caribou","Swim + Swim Remixes","1","6","399600","spotify:user:flngr","2013-10-28T22:53:49Z"
"spotify:track:2r9BFo0F8LRWKyn907y9EH","Get Better","Aki Bergen, Lazarusman","Aki Bergen Collection, Vol. 1","1","6","518000","spotify:user:flngr","2013-12-08T18:45:17Z"
"spotify:track:2XbjLpkTMjzXFvy7eMBBQR","Walk Away (Cyclist Remix)","S&M Music Company","Gildas Kitsuné Season's Greetings Mix (The Merry Christmas Edition)","1","7","225832","spotify:user:flngr","2013-12-18T21:39:43Z"
"spotify:track:5gqlR24ngb8gcCI63zcwSd","I Wish I Knew (Logo Remix)","Years & Years","Gildas Kitsuné Season's Greetings Mix (The Merry Christmas Edition)","1","16","154268","spotify:user:flngr","2013-12-18T22:07:38Z"
"spotify:local:Cabanne:Concrete+Music:Zoso:747","Zoso","Cabanne","Concrete Music","0","0","747000","spotify:user:flngr","2014-01-11T14:52:08Z"
"spotify:track:4eekWoFJUxsr0SuOK3rzFv","Deeg - Original Mix","Cabanne","Dans la Bergerie","1","3","422672","spotify:user:flngr","2014-01-11T15:11:58Z"
"spotify:track:6OGRM4MAOlyOdhHuX0OJ6P","A New Error","Moderat","Moderat (Deluxe Version)","1","1","367306","spotify:user:flngr","2014-01-17T13:41:42Z"
"spotify:track:3wDfyDtCrFtxUu1SDntPmv","2000 Miles - Original Mix","Martin Landsky","Werkschau","1","1","420129","spotify:user:flngr","2014-01-16T21:40:11Z"
"spotify:track:7B3iQkF1jC2P8n7kcwpiQe","City Of Joy - Original Mix","Larry Cadge","Smiley Goes To Miami","1","3","351426","spotify:user:flngr","2014-01-17T14:06:02Z"
"spotify:track:6f5rtM96zk5nc7erxinuzD","Island feat. Caro - Florian Meindl Remix","Padberg, Dapayk","Smiley Goes To Miami","1","4","501848","spotify:user:flngr","2014-01-17T14:19:47Z"
"spotify:track:7vmyRbmYxdTANd5fqU0nwZ","Last Time - Jon Hopkins Remix","Jon Hopkins, Moderat","Last Time","1","4","356015","spotify:user:flngr","2014-01-18T07:27:00Z"
"spotify:track:0fcRuXfzEvZ2eIiKv4ew4j","At Birth","James Blake","Love What Happened Here","1","2","274706","spotify:user:flngr","2014-01-19T17:28:12Z"
"spotify:track:1GIlfwA6zBl4MP5RjBZTNP","Changes","Hector Couto","Love Me E.P.","1","2","410000","spotify:user:flngr","2014-01-20T13:14:28Z"
"spotify:track:3LZK9vhGlaYCsdrVPGoQLD","Decimal Wishes","Bobby Gasparakis","Decimal Wishes","1","2","371092","spotify:user:flngr","2014-01-20T13:17:34Z"
"spotify:track:6pKTgnddP6A8qFkxqHCga4","Opal - Percussion Edit","Bobby Gasparakis","Opal EP","1","1","410163","spotify:user:flngr","2014-01-20T13:18:14Z"
"spotify:track:1cyUru6CMECf7exDHUvkSJ","Eit Butt","Yofunk","New York City Deep Vibes, Vol. 2","1","16","404758","spotify:user:flngr","2014-01-20T13:25:24Z"
"spotify:track:1TshID9ot2FkNO4WrPfg1z","Restless","Oliver Klein","Gallery","1","9","463262","spotify:user:flngr","2014-01-20T14:28:37Z"
"spotify:track:722c0OICXC1bwUf06yE2dn","What U Got","Oliver Klein","Gallery","1","2","448524","spotify:user:flngr","2014-01-20T14:29:03Z"
"spotify:track:6FLJOR6OqUP3BJ6gXptBo5","Switch Stance - Main Mix","Fries & Bridges","Uprock 3000 Vol.4 - Switch Stance","1","1","427473","spotify:user:flngr","2014-01-24T18:05:37Z"
"spotify:track:1Y4xB3IWFKyntEMZILOypn","Endless","Yofunk","A Forty Track Sampler Part 1","1","5","430683","spotify:user:flngr","2014-01-28T15:48:36Z"
"spotify:track:5ogn6knKXahyDQFN3DTJUf","Doubt","Vick Echo","A Forty Track Sampler Part 1","1","6","454484","spotify:user:flngr","2014-01-28T15:55:21Z"
"spotify:track:5KsQ713ct3SPU9hQgagmu7","The Smuggler","Surrealism","A Forty Track Sampler Part 1","1","12","590831","spotify:user:flngr","2014-01-28T16:36:55Z"
"spotify:track:4SaXscwpbbZH9vKABN5Z8G","SolDeAlba","Paul Mad","A Forty Track Sampler Part 1","1","14","386333","spotify:user:flngr","2014-01-28T17:08:01Z"
"spotify:track:3uikQor0Ja773FG1g4Sqbe","About Me","Dirty Culture","A Forty Track Sampler Part 1","1","15","412943","spotify:user:flngr","2014-01-28T17:14:50Z"
"spotify:track:6vp0Zdu9o4XqunVH6hLmWy","Smoking Area","Le Vinyl, Mani Rivera","A Forty Track Sampler Part 1","1","16","461960","spotify:user:flngr","2014-01-28T17:25:44Z"
"spotify:track:0br1wrcBVANGATVvWdfBUk","Gran Rio","Qmusse","A Forty Track Sampler Part 1","1","17","419224","spotify:user:flngr","2014-01-28T17:28:10Z"
"spotify:track:4RcqTwZyT0XhtncRqOdaaE","After the After - Original Mix","Dirty Culture","After the After","1","1","433548","spotify:user:flngr","2014-01-28T17:52:23Z"
"spotify:track:3rkLjq7y0gQAEqQ3X7caea","Bass Track - Original Mix","Dirty Culture","Bass Track Remixes","1","5","495483","spotify:user:flngr","2014-01-28T17:54:28Z"
"spotify:track:34sxj0rfeXiqxeuuTkD0se","Drop It Again","Dirty Culture","Drop It Again","1","1","414545","spotify:user:flngr","2014-01-28T17:57:10Z"
"spotify:track:1VDLAcRe1YdaNmN6vRZXWN","Back to My First Love","Dirty Culture","Welcome to My Mind","1","7","418573","spotify:user:flngr","2014-01-28T18:03:44Z"
"spotify:track:2z2LLizg0qvLy670qtVCQv","Le Albatros - Original Mix","Dirty Culture","Hyperion EP","1","3","391232","spotify:user:flngr","2014-01-28T18:08:52Z"
"spotify:track:5IYJzHJNC09eqw1pAVcvA9","Deliriant Groove","Dirty Culture","Partea a doua EP","1","1","464242","spotify:user:flngr","2014-01-28T18:11:47Z"
"spotify:track:6cnkqvcAtR0a5x5pzKgeFw","Singur Pe Lume","Dirty Culture","Singur Pe Lume EP","1","1","444337","spotify:user:flngr","2014-01-28T18:13:11Z"
"spotify:track:0fd9BYS9pGQ09peaTKLAV5","Singur Pe Lume - Danilo Cardace & Elia Perazzini Remix","Dirty Culture","Singur Pe Lume EP","1","2","491910","spotify:user:flngr","2014-01-28T18:21:39Z"
"spotify:track:0bNB9UiNFJsGnNZ1X0w705","No Time For The Morning Coffe","Dirty Culture","Singur Pe Lume EP","1","3","383920","spotify:user:flngr","2014-01-28T18:22:11Z"
"spotify:track:1EktUILjr7x5MbBKd3GcrU","Sink 'Em Low (Feat. Bessie Jones) - Maximiljan Remix","Maximiljan, Bessie Jones","Peppermint Jam Pres. Back Home, Vol. 4","1","6","411644","spotify:user:flngr","2014-02-04T10:09:40Z"
"spotify:track:0ifoCuTp6QqnTBfnHMtWIO","Metaphysical - Jesse Rivera Remix","Jeff Haze","Funk Pumper","1","3","369120","spotify:user:flngr","2014-02-04T10:26:43Z"
"spotify:track:4Zi6gNj33jd8gFysJOmJFa","Farewell Hands - Original Mix","Heartik","Farewell Hands","1","1","501279","spotify:user:flngr","2014-02-04T10:36:00Z"
"spotify:track:2MKWPZ9FLhuKDvLWghdJNY","Asteroidea - Original Mix","Heartik","Farewell Hands","1","4","417756","spotify:user:flngr","2014-02-04T10:36:04Z"
"spotify:track:1ipL7pR0y5t3PDVGfdKavd","Viza Pentru Alta Stare","Dirty Culture","Welcome to My Mind","1","6","430824","spotify:user:flngr","2014-02-04T14:45:17Z"
"spotify:track:1frATD47zHHq9Mi3Ru2fGt","Still Inside of You","Dirty Culture","Welcome to My Mind","1","12","461779","spotify:user:flngr","2014-02-04T15:24:42Z"
"spotify:track:6OGa4SmdTS9UJKFA1WgJAe","Camilla","Thomas Fehlmann","Pop Ambient 2008","1","5","334680","spotify:user:flngr","2014-04-03T14:34:49Z"
"spotify:track:5UX5gwNnZvKdyj11yr502M","Shoco Wild - Original Mix","Cubic State","Shoco Wild EP","1","1","403204","spotify:user:flngr","2014-05-30T17:38:44Z"
"spotify:track:2NWr22ZyjyOtMRBfpt3Ppy","La Grande Ourse","Rone","Tohu Bohu (Deluxe Edition)","1","4","220769","spotify:user:flngr","2014-05-30T17:38:54Z"
"spotify:track:5TKv2tHbbWEAkbUN53ZYWs","Catch My Soul","Dollkraut","Muscle Tuff","1","6","393582","spotify:user:flngr","2014-06-13T11:48:44Z"
"spotify:track:3Zu287agj3oVg9khbHi3Yq","Airglow Fires","Lone","Airglow Fires","1","1","360314","spotify:user:flngr","2014-06-30T12:43:33Z"
"spotify:track:1DaNWZOJhRcWUanygXBjEG","Begin to Begin","Lone","Airglow Fires","1","2","338551","spotify:user:flngr","2014-06-30T12:44:11Z"
"spotify:track:42Ejs45Yxgoh5ysf1FIX13","Brazillian Heat - 1200 Warriors Remix","Wattie Green","Brazilian Heat Remixes","1","3","350476","spotify:user:flngr","2014-06-30T14:39:11Z"
"spotify:track:56ejFYfCdSfbIEH5yEOOjZ","Cold Clam","letherette","Letherette","1","7","349266","spotify:user:flngr","2014-10-07T16:12:37Z"
"spotify:track:02hZsIoEDtm7ILRmrKhkq7","Heat","TWR72","Sound Pellegrino Presents SND.PE, Vol. 1","1","9","352845","spotify:user:flngr","2014-10-12T20:09:30Z"
"spotify:track:6zpfP9IyODNeKlIDrHNSx8","Sandburg - Alec Troniq Remix","Tinush","Sandburg","1","3","418000","spotify:user:flngr","2014-10-25T12:18:53Z"
"spotify:track:5sHr7pDTNey3TfTwEjO1xQ","Versatile","123Mrk","Versatile / Secret Secret","1","1","305609","spotify:user:flngr","2014-10-28T10:05:36Z"
"spotify:track:4dLXoBxC0NylPL2NbUS7ZD","Pleasure - M.Constant Remix","123Mrk","Noname EP Remixed","1","12","317549","spotify:user:flngr","2014-10-28T17:06:10Z"
"spotify:track:4yXK1nZhDfTV0FrUWerdMA","Autumn","TWR72","1991","1","2","362920","spotify:user:flngr","2014-10-29T13:17:52Z"
"spotify:track:3nTzzdApIg6fwKR7pqj4wj","Cut - Original Mix","TWR72","Download EP","1","2","366392","spotify:user:flngr","2014-10-29T13:24:15Z"
"spotify:track:73zLh0W5o4mmyIo58QwTZA","Dennis - Original Mix","TWR72","Twin Turbo 018 - Der Ausgang","1","1","326610","spotify:user:flngr","2014-10-29T13:30:42Z"
"spotify:track:0p6IrhEbsOLL9vYmHMCgRK","Steie - Original Mix","TWR72","Twin Turbo 018 - Der Ausgang","1","5","369831","spotify:user:flngr","2014-10-29T13:53:07Z"
"spotify:track:75uDaJ8yU4InJ1y40NYVug","U Don't Dance","Doctor Dru","5 YEARS OF JACKMODE (Pt. 1)","1","3","375950","spotify:user:flngr","2014-11-07T14:32:54Z"
"spotify:track:518tFlRfKUg0I21Itijkyg","Fall Off the Wall-1 - Diz Remix","James Curd","Fall Off the Wall","1","2","438453","spotify:user:flngr","2014-11-07T15:01:37Z"
"spotify:track:30mE7a1K7FHuUC9Cotr9af","Disco Prince of Fire","Ross Evans, Nosizwe Baqwa","Systematic Deep House, Vol. 4 (Mixed by Gorge)","1","10","415081","spotify:user:flngr","2014-11-09T20:57:45Z"
"spotify:track:68Mj1Z1F4Qb0kRCPlsDLZC","Won't Hurt","Gorge","Systematic Deep House, Vol. 4 (Mixed by Gorge)","1","12","445718","spotify:user:flngr","2014-11-09T21:14:36Z"
"spotify:track:3VnjROP6OtS0ldVxI8mRYs","Red One","Markus Homm","Systematic Deep House, Vol. 4 (Mixed by Gorge)","1","13","473200","spotify:user:flngr","2014-11-09T21:18:49Z"
"spotify:track:6r6oHZgKqgee2HoQ495jfi","Disco Rebeat","Gorge","Systematic Deep House, Vol. 4 (Mixed by Gorge)","1","14","445653","spotify:user:flngr","2014-11-09T21:26:32Z"
"spotify:track:77GnDyzAwqq6Hk32oiemlU","Deliberate","Carlos Sanchez","Systematic Deep House, Vol. 4 (Mixed by Gorge)","1","17","370437","spotify:user:flngr","2014-11-09T21:45:22Z"
"spotify:track:6ukk3EODVnVwP4Vci8B2jl","LA angels - Audiojack remix","Gorge","LA Angels EP","1","2","463958","spotify:user:flngr","2014-11-10T13:16:25Z"
"spotify:track:7LA5z0Ef2TPmk4LRecRKSA","Recommendation","Little Dragon","Best Of","1","5","232333","spotify:user:flngr","2014-11-11T11:45:09Z"
"spotify:local:Unknown+Mortal+Orchestra::Swim+and+Sleep+%28Like+A+Shark%29+Little+Dragon+Remix:393","Swim and Sleep (Like A Shark) Little Dragon Remix","Unknown Mortal Orchestra","","0","0","393000","spotify:user:flngr","2014-11-11T12:00:29Z"
"spotify:local:::seconds_SydtheKyd_remix:194","seconds_SydtheKyd_remix","","","0","0","194000","spotify:user:flngr","2014-11-11T12:11:33Z"
"spotify:track:0O63lT7WWlzxQCdjBUPR6S","Ringo - Original Mix","Joris Voorn","Nobody Knows","1","7","322013","spotify:user:flngr","2014-11-18T13:32:40Z"
"spotify:track:7x4ik0i951bUpx3vcTTw7F","MoMo - Original Mix","Joris Voorn","Nobody Knows","1","9","216720","spotify:user:flngr","2014-11-18T13:44:10Z"
"spotify:track:4AqlzeMQXnycmAXDdUWScL","Fall - Original Mix","Joris Voorn","Nobody Knows","1","10","329346","spotify:user:flngr","2014-11-18T13:48:40Z"
"spotify:track:5eYtjo73IsL5w7b4WNFaYw","Shuntansi","Bram Stadhouders, Netherlands Chamber Choir","Henosis","1","3","450453","spotify:user:flngr","2014-11-18T14:12:13Z"
"spotify:track:78uAa89lv0vO6tlhEcgGJW","Dolori","Bram Stadhouders","Halt","1","3","286000","spotify:user:flngr","2014-11-18T15:38:53Z"
"spotify:track:0cA6QAZC1yeKAMlea8bNhJ","Run Faster","Bram Stadhouders","Halt","1","4","408000","spotify:user:flngr","2014-11-18T15:45:58Z"
"spotify:track:1hwZwn6tolr6IhcYARka4x","Imagine This","Bram Stadhouders","Halt","1","6","395000","spotify:user:flngr","2014-11-18T15:56:31Z"
"spotify:track:2itEcS8rWP8lNVtdNHtIYV","Wrong Vinyl - Original","Tinush","Wasser, Brot Und Improvisieren","1","4","277539","spotify:user:flngr","2014-11-28T09:45:07Z"
"spotify:track:3740qz144VPwj7gjoZXG9w","Puppentheater - Original","Tinush","Wasser, Brot Und Improvisieren","1","8","405303","spotify:user:flngr","2014-11-28T17:13:34Z"
"spotify:track:1f5ydUAQh6qYVnwzKqGjwg","My Drug Is Rock'n'Roll - Felix Bernhardt Remix","Tinush","Wasser, Brot Und Improvisieren","1","10","377962","spotify:user:flngr","2014-11-28T17:32:32Z"
"spotify:track:0Cq1HODKWNlnmrIAeLWBlZ","Trampelschlange","Tinush","Kinderspiel EP","1","2","328481","spotify:user:flngr","2014-12-01T10:20:58Z"
"spotify:track:06M0lqtNtfB8MMeBx5lJoD","The Beat is Underground - Calavera & Manya Ibiza Mix","Calavera & Manya, Laera","1 Year Of Vursatil","1","3","541935","spotify:user:flngr","2014-12-01T10:48:00Z"
"spotify:track:2dKLkkfca7Ey6JIxhaHwWd","Gypscainda - Dvit Bousa Cut Remix","Dvit Bousa, Dynamik Dave","1 Year Of Vursatil","1","9","422857","spotify:user:flngr","2014-12-01T14:01:15Z"
"spotify:track:4Yww3b9ERr6mCZpd6bDiXU","Transformers - Original Mix","Tony Campos","1 Year Of Vursatil","1","17","453764","spotify:user:flngr","2014-12-01T17:24:51Z"
"spotify:track:2UcPe0YZwNm6sWL9Sc9ykr","Good Woodoo - Original Mix","Jay Lumen","Avacado In My Belly","1","2","443477","spotify:user:flngr","2014-12-02T15:50:51Z"
"spotify:track:4YpmoYNcBTpaJPA49N9Bds","It's Gone - Original Mix","Bob Moses","Hands To Hold","1","5","537804","spotify:user:flngr","2014-12-03T15:28:10Z"
"spotify:track:0VGXHssNqBeDJZpet6vRSm","Pride (A Deeper Love) (Feat. Elliotte Williams N'Dure) - Pedersen Remix","Kid Massive, Backwood, Elliotte Williams N'Dure","Pride (A Deeper Love) - The Remixes","1","3","298771","spotify:user:flngr","2014-12-03T17:54:01Z"
"spotify:track:6Icknjy75UMZdwYmbiN85E","Lionhearted - The Alexanders Remix","Porter Robinson, Urban Cone","Lionhearted (Remixes)","1","2","356453","spotify:user:flngr","2014-12-03T17:57:27Z"
"spotify:track:4R66BTqdiHS4yrks3baUww","Sunset On The Vineyard","Cosmic Cowboys","Back and Forth","1","2","536585","spotify:user:flngr","2014-12-11T14:45:15Z"
"spotify:track:7zpl7woa29mnvUlJrMgx6e","Makena","Gorge","Mood","1","4","288146","spotify:user:flngr","2014-12-14T09:47:55Z"
"spotify:track:7icj91HNKEba3fAcs8zOEo","Erotic Soul feat. The Wrtiers Poet","Gorge","Mood","1","3","306493","spotify:user:flngr","2014-12-14T09:47:59Z"
"spotify:track:0uQ7KsxFW11BV3xPVd9DbS","Mi Vida","Gorge","Mood","1","5","499440","spotify:user:flngr","2014-12-14T09:55:23Z"
"spotify:track:53Pyi4oxD0GLZljV0pWL4m","Imara","Gorge","Mood","1","7","386813","spotify:user:flngr","2014-12-14T10:07:57Z"
"spotify:track:4fo2N6HUCj1lD9d8AMN1Jd","Alhaiya bilaval","Shruti Sadolikar","The Raga Guide","1","4","249040","spotify:user:flngr","2014-12-18T13:42:10Z"
"spotify:track:02sl42KdV4vCW2gM9CyCTa","Bhatiyar","Shruti Sadolikar","The Raga Guide","1","11","250666","spotify:user:flngr","2014-12-18T16:01:46Z"
"spotify:track:6L3Ivf63D0m7tviuAj8vxG","Bhairavi","Hariprasad Chaurasia","The Raga Guide","1","10","232333","spotify:user:flngr","2014-12-18T16:01:54Z"
"spotify:track:2xEzBRrRcicq8ufhKg9cBX","Tape Deck","Jazz Spastiks","The Product","1","7","107670","spotify:user:flngr","2015-01-02T20:02:28Z"
"spotify:local:::Nujabes+-+Reflection+Eternal:257","Nujabes - Reflection Eternal","","","0","0","257000","spotify:user:flngr","2015-01-12T21:51:33Z"
"spotify:local:::Force+of+Nature+-+Just+Forget:235","Force of Nature - Just Forget","","","0","0","235000","spotify:user:flngr","2015-01-13T12:41:31Z"
"spotify:track:637rB6LifybIgGb3uLViBA","Exo","Mr.Troy","Exo","1","5","237491","spotify:user:flngr","2015-01-13T13:41:24Z"
"spotify:track:6DRiep4JMaNDRTQCDF6bYd","I Get Mine, You Get Yours","Leon Vynehall","Open EP","1","1","386297","spotify:user:flngr","2015-01-16T14:09:28Z"
"spotify:track:4YswREJlhibiSG5fzFzAoA","Don't Know Why","Leon Vynehall","Gold Language","1","2","309630","spotify:user:flngr","2015-01-16T14:13:15Z"
"spotify:track:6Y4in9yL6FRU7wQvHrnjBt","Tozai - mixed","Joe Gray","DJ-Kicks (Will Saul)","1","4","315866","spotify:user:flngr","2015-01-16T14:30:43Z"
"spotify:track:7uh7VeerPX020P5AUnUYeV","Church","Jabru, Joel Culpepper","Will Saul presents: DJ-Kicks EP","1","2","333796","spotify:user:flngr","2015-01-16T14:40:36Z"
"spotify:track:18mYtKrSob98MepqYPILIG","The Day We Met For Coffee - Afefe Iku Remix","Osunlade","The Day We Met For Coffee","1","1","576133","spotify:user:flngr","2015-01-23T16:30:50Z"
"spotify:track:6kmZFC6ZQTP1A4oSLjPBm2","My Reflection (Deetron Remix) - Remix","Osunlade, Divine Essence","Passage","1","6","471320","spotify:user:flngr","2015-01-23T16:42:30Z"
"spotify:track:1T4q0TOrbQ8RjbiEdbTh1c","HowTwoKonnekt","Nibiru","Passage","1","7","434680","spotify:user:flngr","2015-01-23T16:42:30Z"
"spotify:track:2fbIVMPK0i6buv21C28PXp","Mirror Dance","Afefe Iku","Passage","1","8","513333","spotify:user:flngr","2015-01-23T16:42:45Z"
"spotify:track:2Kk1REPIP2uiPIwsHShhcT","The Fat Rat - Original Mix","Detroit Swindle","Toolroom Knights Mixed By Doorly","1","13","405949","spotify:user:flngr","2015-01-23T21:48:11Z"
"spotify:track:7uSq9J64UxBJTeTTvCuFdT","Time","Leon Vynehall","Will Saul presents: DJ-Kicks EP","1","4","421094","spotify:user:flngr","2015-01-23T22:09:23Z"
"spotify:track:1UdqPzbduC0M7CyHU7r0yT","Brotherman","Detroit Swindle","Creep","1","3","392839","spotify:user:flngr","2015-01-23T22:10:48Z"
"spotify:track:5l7Tj988oJOLBGRQN8hiWt","Be Brave, Clench Fists","Leon Vynehall","Music for the Uninvited","1","3","405227","spotify:user:flngr","2015-01-23T22:11:17Z"
"spotify:track:6s55vaXjEtZYHn2QR1mYDG","Busy Bee - 15 Year Dub","The Jazzual Suspects","Om 15: Celebrating 15 Years Of Om Records","2","5","416546","spotify:user:flngr","2015-01-23T22:15:17Z"
"spotify:track:6CXmHkzTNsWVHuTgjUlpFm","Illusive Azure","Blazo","Colors of Jazz","1","9","179626","spotify:user:flngr","2015-01-23T22:20:11Z"
"spotify:track:6agabhsMUJffS9tFIvlQ0j","Dreamsville","SoulChef","Long Hot Summer","1","7","238929","spotify:user:flngr","2015-01-23T22:48:38Z"
"spotify:track:6tTpIstKl9La7lITy9QjpD","The Set Up - Original Mix","John Jastszebski","Toolroom Knights Mixed By Doorly","1","25","461473","spotify:user:flngr","2015-01-25T00:02:28Z"
"spotify:track:02EI5dvAhAHEaoN4uakAOc","Before","Copy Paste Soul","The Push - EP","1","2","356653","spotify:user:flngr","2015-01-27T12:53:03Z"
"spotify:track:786xwzwqMXwg6QWPzaGXQS","Contrast (Max Cooper Remix)","Microtrauma","Colorblind EP","1","4","450491","spotify:user:flngr","2015-01-28T14:12:33Z"
"spotify:track:6WKvIW9t2meMj0fhCzj4gR","Tears of a Clown - Max Cooper's Expanded Remix","Pig & Dan","Tears of a Clown","1","2","615239","spotify:user:flngr","2015-01-28T14:15:05Z"
"spotify:track:1JSnjP5CqzbR7k8srXrW6b","Ripple - Original Mix","Max Cooper","Max Cooper - Traum Collection","1","6","459054","spotify:user:flngr","2015-01-28T14:09:40Z"
"spotify:track:3VRwQjJdUIN0XWzFxJWyVa","The Lava","Equateur","The Lava - EP","1","1","278650","spotify:user:flngr","2015-01-29T10:50:38Z"
"spotify:track:4kFyEqVy1O4raeAhUwQURb","Potency","Max Cooper","Human","1","10","392000","spotify:user:flngr","2015-01-29T10:57:49Z"
"spotify:track:5PspRmb3jMjlNO5NKeNiiL","Be Above It - Live","Tame Impala","Live Versions","1","7","449314","spotify:user:flngr","2015-01-29T10:58:09Z"
"spotify:track:07Sy807ck9ns8gz9XnnxNy","Iznae","6th Borough Project","One Night in the Borough","1","9","467360","spotify:user:flngr","2015-02-28T21:37:42Z"
"spotify:track:79ZZCJRjY4jr3IlzO86l0k","Back to Me","6th Borough Project","One Night in the Borough","1","6","426373","spotify:user:flngr","2015-02-28T21:16:30Z"
"spotify:track:3y6IJebWNgckKVKOzxC0p5","Endless Night","6th Borough Project","One Night in the Borough","1","8","397946","spotify:user:flngr","2015-02-28T21:27:59Z"
"spotify:track:5B7s6sl7CCKMRVgDQNmxSB","Deep C","6th Borough Project","One Night in the Borough","1","10","406066","spotify:user:flngr","2015-02-28T21:41:24Z"
"spotify:track:6IvSC14ma8xClcjSv3kMdy","Sel","Smadj","Take it and Drive","1","6","178053","spotify:user:flngr","2015-03-11T16:57:07Z"
"spotify:track:0KGIKWkPQ8iDr0LZBF6M1Y","Relative Hysteria","Mogwai","Les Revenants Soundtrack","1","8","220826","spotify:user:flngr","2015-03-11T17:02:09Z"
"spotify:track:4UCuxspmNOnW7mYnUtB7wp","Feel It - Bonus Beats","After Hours","Radio Slave presents Strictly Rhythms Volume 5","1","6","218013","spotify:user:flngr","2015-03-12T10:40:32Z"
"spotify:track:5rxbluNFUSgAXd8cNNj4XB","Stay Together - The Ravin’ Mix - Radio Slave Re-Edit","Barbara Tucker","Radio Slave presents Strictly Rhythms Volume 5","1","15","608505","spotify:user:flngr","2015-03-12T10:54:03Z"
"spotify:local:::Anonym+-+Love+you+like+i+can:448","Anonym - Love you like i can","","","0","0","448000","spotify:user:flngr","2015-03-12T13:32:06Z"
"spotify:local:::Santone+-+BV+Re-Cuts+%231+-+Be+Right+There+-+SOM1274a:546","Santone - BV Re-Cuts #1 - Be Right There - SOM1274a","","","0","0","546000","spotify:user:flngr","2015-03-12T13:33:26Z"
"spotify:track:7Mt610snoz79ouBw0iTV5M","6:26","Suzanne Kraft","Missum","1","4","386443","spotify:user:flngr","2015-03-18T12:55:45Z"
"spotify:track:6tD9SymZiodD08xNiMLgvp","Ritmo","Suzanne Kraft","Horoscope","1","3","412358","spotify:user:flngr","2015-03-18T13:09:34Z"
"spotify:track:67zPZZSucsQt7I0D4smtkw","Passion","Maxxi & Zeus","Gerd Janson presents Musik for Autobahns","1","2","489517","spotify:user:flngr","2015-03-18T13:30:27Z"
"spotify:track:44wqZelQr3WVm4inFVF19u","ESL","Suzanne Kraft","Gerd Janson presents Musik for Autobahns","1","7","428026","spotify:user:flngr","2015-03-18T15:44:39Z"
"spotify:track:1awariw0UjlCNIE6qOcM5Z","White Chocolate","Marco Passarani","Gerd Janson presents Musik for Autobahns","1","9","336564","spotify:user:flngr","2015-03-18T15:53:02Z"
"spotify:track:0560DFO3OYBexWuZ2yLnGG","Bliss","Tensnake","Gerd Janson presents Musik for Autobahns","1","10","271626","spotify:user:flngr","2015-03-18T15:56:30Z"
"spotify:local:::Ponthy+Mython+%26+Sebastien+Vorhaus+-+Lux+or+Cairo+%28Quintessentials%29:330","Ponthy Mython & Sebastien Vorhaus - Lux or Cairo (Quintessentials)","","","0","0","330000","spotify:user:flngr","2015-03-19T09:20:01Z"
"spotify:track:72hm9hJmoyAxpzc8WcWi9N","Nevermind","Kartell","Sapphire","1","2","233589","spotify:user:flngr","2015-03-19T16:24:18Z"
"spotify:track:7gtaFkFyOgVGUIQIDfu5wM","Wordy","Titeknots","Mind Open / Wordy","1","2","342039","spotify:user:flngr","2015-03-20T16:27:34Z"
"spotify:track:67DqvIEafBCPNRMvY4qDpy","Love Undone","Lost Midas, Taylor O'Donnell","Shapes:Rectangles","1","1","166692","spotify:user:flngr","2015-03-20T16:34:04Z"
"spotify:track:6H3wTZTS5XJjNGs21MWfoj","Muévelo Negro","Quantic, Nidia Gongora","Shapes:Rectangles","1","4","422386","spotify:user:flngr","2015-03-20T16:35:54Z"
"spotify:local:skatebaard::Skateb%C3%A5rd+-+Vuelo:471","Skatebård - Vuelo","skatebaard","","0","0","471000","spotify:user:flngr","2015-03-27T14:16:17Z"
"spotify:track:2EHzPM4tiFeZg77HWfevdQ","Brother","Leon Vynehall","Brother / Sister","1","1","432300","spotify:user:flngr","2015-04-02T14:14:59Z"
"spotify:track:2v1QLJuFKiRuKMggaPfHxT","Pier Children","Leon Vynehall","Music for the Uninvited","1","4","375266","spotify:user:flngr","2015-04-02T14:16:00Z"
"spotify:track:1kn8tTKkuVt3hqVkZ04FaX","Running","Max Graef, Wayne Snow","Rivers Of The Red Planet","1","4","256419","spotify:user:flngr","2015-04-02T16:15:00Z"
"spotify:track:0kLEGrICFlR1Nx3NEowUQw","Jungle - Original Mix","Max Graef, Andy Hart","Broken Keyboard EP","1","1","316323","spotify:user:flngr","2015-04-02T16:38:48Z"
"spotify:track:2CUZFyeWm1FRViMEErLc4y","Zitze - Original Mix","Max Graef","Broken Keyboard EP","1","3","335184","spotify:user:flngr","2015-04-02T16:39:09Z"
"spotify:track:5YEQlqMbQivRLgOvip38VD","Untitled 1 - Original Mix","Funkycan, Damiano von Erckert","We Were Raised To Believe That Someday We Were All Gonna Have Great Beards","1","3","273259","spotify:user:flngr","2015-04-02T16:48:08Z"
"spotify:track:2LEaCOGCMHj8QnZ91VNBeA","Bones","Uffe","Bones","1","1","430337","spotify:user:flngr","2015-04-02T16:50:34Z"
"spotify:track:0JLhnccSFv5WkukoMZjj55","House Music","Uffe","STRAESS! EP","1","6","449026","spotify:user:flngr","2015-04-02T16:51:28Z"
"spotify:track:68qeHRKLEzUiVBy59FJMQj","Back On Yesterday - Original Mix","Tigerskin","Dortmund EP","1","4","406040","spotify:user:flngr","2015-04-02T16:54:37Z"
"spotify:track:35Tz0jckKSKfvaG7wH0svf","HigH","Tigerskin","HigH","1","1","423009","spotify:user:flngr","2015-04-02T16:55:45Z"
"spotify:track:6WkTHPckeK7yyt1wjSzYdH","For Real","Tigerskin","In a Trance Ep","1","5","434221","spotify:user:flngr","2015-04-02T16:56:40Z"
"spotify:track:23uUMtGULKvmXzYclWwlpl","Ñanguita","Quantic, Nidia Gongora","Muévelo Negro / Ñanguita","1","2","499116","spotify:user:flngr","2015-04-04T11:45:32Z"
"spotify:local:SOUNDISSTYLE::Jolly+Mare+-+Ziloca:215","Jolly Mare - Ziloca","SOUNDISSTYLE","","0","0","215000","spotify:user:flngr","2015-04-14T16:36:47Z"
"spotify:local:thepersonalmusique::Alan+Braxe+-+Time+Machine+%28With+The+Spimes%29:264","Alan Braxe - Time Machine (With The Spimes)","thepersonalmusique","","0","0","264000","spotify:user:flngr","2015-04-15T15:56:28Z"
"spotify:track:4wAYyJCwmjiEGbjSqVhShs","The Iceland Sound","Superpoze","From the Cold EP","1","1","218400","spotify:user:flngr","2015-04-17T19:13:48Z"
"spotify:local:Nata+Colmar::Nym+-++The+River%2C+The+Forest:262","Nym -  The River, The Forest","Nata Colmar","","0","0","262000","spotify:user:flngr","2015-04-17T20:55:13Z"
"spotify:track:3bi9LdoayzjhpriotcubGd","Night Patrol","Lifelike","Night Patrol - Single","1","1","470000","spotify:user:flngr","2015-04-17T20:58:03Z"
"spotify:track:4yAxpRknxoSwGsxvN0Y2LZ","Playmates","Midnight Star","The Best Of Midnight Star","1","13","322360","spotify:user:flngr","2015-04-21T10:01:26Z"
"spotify:track:4frhMLOqjbeeUIfddVXGq8","Huldra","Gidge","The Spaces In Between","1","8","413134","spotify:user:flngr","2015-04-21T21:27:35Z"
"spotify:track:1QXrEAmxcH1trnqprDlQ6G","Lay It Down (Nacho Lovers Remix)","Jacques Greene","Lay It Down","1","4","500385","spotify:user:flngr","2015-04-21T21:31:48Z"
"spotify:track:1Tcslcd6beS3WF3aVqwl17","Lying Together","FKJ","Electro Lab 01","1","16","267226","spotify:user:flngr","2015-05-02T18:54:45Z"
"spotify:track:7CESyDrBb3lNsndVGc678N","Riviera","Kartell","Riviera - EP","1","4","327129","spotify:user:flngr","2015-05-03T15:35:51Z"
"spotify:track:5FrRmq6KjG3IWlYR2M09rM","Kong","Julio Bashmore, Bixby","Kong","1","1","266146","spotify:user:flngr","2015-05-03T18:30:21Z"
"spotify:track:0n6ISCtiuFoE4Zc1LUqXce","Say It Wasn't - Original Mix","Steve Huerta","Anjunadeep 06","1","4","244120","spotify:user:flngr","2015-05-04T21:23:41Z"
"spotify:track:3ngwc4geGMgF8iT0bm5DHm","Misbehaving","Kuest","Go Hard","1","3","329500","spotify:user:flngr","2015-05-04T21:27:44Z"
"spotify:track:6mDPmOC526YOjRrvGW5I5C","Everybody - Jean Bacarreza & Nytron Remix","Andrey Exx, Troitski, Vee Groove","Everybody","1","3","387899","spotify:user:flngr","2015-05-04T21:34:33Z"
"spotify:local:PrimaryKolours::PBR+Streetgang+-+Move+On+%28Kian+T+Remix%29:375","PBR Streetgang - Move On (Kian T Remix)","PrimaryKolours","","0","0","375000","spotify:user:flngr","2015-05-06T19:09:27Z"
"spotify:local:::sebb+junior+-+love+tonight+%28pirate+rip%29:433","sebb junior - love tonight (pirate rip)","","","0","0","433000","spotify:user:flngr","2015-05-06T19:41:38Z"
"spotify:track:5LZ6eVDkAkKe2656SAfJlH","Suck It Easy","Tia Nomore","Suck It Easy","1","1","170008","spotify:user:flngr","2015-05-08T17:55:32Z"
"spotify:track:38LpbjQx5XAA95pb7AGRnE","Montego Bay Spleen","St Germain","Tourist [Remastered] (Remastered Version)","1","2","385677","spotify:user:flngr","2015-05-09T10:26:07Z"
"spotify:track:5eHKGf2FpigGiTeVwJYrWi","La goutte d'or","St Germain","Tourist [Remastered] (Remastered Version)","1","8","379266","spotify:user:flngr","2015-05-09T11:10:57Z"
"spotify:track:6Sw5aOSeKrUBxenDEzuta7","What You Think About...","St Germain","Tourist [Remastered] (Remastered Version)","1","9","288309","spotify:user:flngr","2015-05-09T11:16:00Z"
"spotify:track:6MkrdTrIMJB7WjJKeuC1D1","Easy To Remember","St Germain","Boulevard (the complete series)","1","4","580666","spotify:user:flngr","2015-05-09T11:44:49Z"
"spotify:track:2f2Fn2fHW3B2lUxMHWiW3G","The Wall","Rødhåd","Béton Brut","1","2","451154","spotify:user:flngr","2015-05-11T11:29:39Z"
"spotify:track:19zPZQI4MdAH0KOZPyeSXX","Dialeague","Applescal","A Mishmash of Changing Moods","1","3","264693","spotify:user:flngr","2015-05-11T20:32:54Z"
"spotify:track:79A336YYznlhvXNcRwxZRr","The Key Of Genes","Applescal","A Mishmash of Changing Moods","1","4","294040","spotify:user:flngr","2015-05-11T20:36:43Z"
"spotify:track:2wxQtrGyUwFN3hkTIwOfnm","In Theory","Applescal","A Mishmash of Changing Moods","1","7","191906","spotify:user:flngr","2015-05-11T20:47:00Z"
"spotify:track:3LGovwr313YoUFXDOXtX8v","The Storm Is Yours","Applescal","A Mishmash of Changing Moods","1","10","255853","spotify:user:flngr","2015-05-11T21:01:55Z"
"spotify:local:Gazzz696::Sound+Stream+-+Starstrike:425","Sound Stream - Starstrike","Gazzz696","","0","0","425000","spotify:user:flngr","2015-05-12T10:03:32Z"
"spotify:track:2XYtQopPjhunJHGNKXRm9J","Modal","Adesse Versions","Eamon Harkin and Justin Carter: Weekends and Beginnings","1","7","205015","spotify:user:flngr","2015-05-12T14:19:57Z"
"spotify:track:1fnUavFJQO8LWSoYmeGlas","Phazzled","Ike Release","Eamon Harkin and Justin Carter: Weekends and Beginnings","1","13","259076","spotify:user:flngr","2015-05-12T14:45:18Z"
"spotify:local:finetunesTV::James+Curd+-+Forever+Your+Friend:369","James Curd - Forever Your Friend","finetunesTV","","0","0","369000","spotify:user:flngr","2015-05-18T09:36:46Z"
"spotify:local:ColourfulMoods::Jazzanova+feat.+Vikter+Duplaix+-+That+Night+%28Wahoo+Mix%29:443","Jazzanova feat. Vikter Duplaix - That Night (Wahoo Mix)","ColourfulMoods","","0","0","443000","spotify:user:flngr","2015-05-18T21:15:38Z"
"spotify:track:7ughBTYBYZd6ZkxUjjFkZQ","Loot","Mafikizolo","Gate Crashers","1","1","320546","spotify:user:flngr","2015-05-18T21:19:48Z"
"spotify:track:62LCMSZzBGPkQLXUv6iVp3","Everything","Sebb Junior","Memories EP","1","1","385004","spotify:user:flngr","2015-05-22T07:46:48Z"
"spotify:track:2nxR5kObDSYYkywZLzNPbz","Always On Time","Sebb Junior","The Way EP","1","4","344000","spotify:user:flngr","2015-05-22T07:56:54Z"
"spotify:track:115O7VPPJE9HrVEKe1xebx","CLK Recovery","Objekt","Objekt EP002","1","1","564671","spotify:user:flngr","2015-05-22T12:17:18Z"
"spotify:local:Nicol%C3%A1s+Camilo+Ordaz+Retamal::John+Roberts+-+Hesitate:435","John Roberts - Hesitate","Nicolás Camilo Ordaz Retamal","","0","0","435000","spotify:user:flngr","2015-05-22T12:22:07Z"
"spotify:track:34KD9rEJujgvmNLQblQAjw","Insides","Fort Romeau","Insides","1","4","379266","spotify:user:flngr","2015-05-22T12:23:43Z"
"spotify:track:6RbgIqRnzanF0ZzTCj9snM","Your Light","Fort Romeau","Stay / True EP","1","2","297169","spotify:user:flngr","2015-05-22T12:32:09Z"
"spotify:track:0P4UAwHJIhfsWSnX2Q7OPf","Maré Mansa","As Ganhadeiras de Itapuã","As Ganhadeiras de Itapuã","1","9","392946","spotify:user:flngr","2015-05-28T14:25:39Z"
"spotify:track:7lERhL6WoeffVIyask0BDM","Confirmation Bias (Telephones remix)","Skatebård","Confirmation Bias","1","3","496384","spotify:user:flngr","2015-05-28T14:45:51Z"
"spotify:local:tetsujin::Nujabes+-+Aruarian+Dance:250","Nujabes - Aruarian Dance","tetsujin","","0","0","250000","spotify:user:flngr","2015-05-28T15:42:37Z"
"spotify:track:59pEmMso7bA8Ghp6yIhbEA","Stock Exchange","Miss Kittin, The Hacker","First Album","1","5","346773","spotify:user:flngr","2015-05-29T12:20:31Z"
"spotify:track:6eMdMLvXReCzagRMpbGGTe","Deep Syndicate - Phonogenic & Sasse Remix","Le Vinyl","Deep Syndicate","1","2","395689","spotify:user:flngr","2015-05-29T12:23:35Z"
"spotify:track:1XUxEsZ8zjmPUIrW2y8XL2","Bamboo - Original Mix","Le Vinyl","Bamboo EP","1","1","406560","spotify:user:flngr","2015-05-29T12:25:19Z"
"spotify:track:7jhq12QpEHPyEIk7qdMZdr","Whatappened","Le Vinyl","Deep Syndicate","1","3","406000","spotify:user:flngr","2015-05-29T12:25:38Z"
"spotify:track:7jCw37IN0vSjxPDbusMMED","Lil' bit of Ice","Afta-1","Undefined","1","3","375943","spotify:user:flngr","2015-06-01T09:32:39Z"
"spotify:track:6iEuPl2CxF7SCxzi1VkWeY","Superheroes (Remix)","Afta-1","Undefined","1","4","186540","spotify:user:flngr","2015-06-01T09:38:34Z"
"spotify:track:3dWcuI5Azn1gYREoUdADPZ","Toast to Them","Afta-1","Undefined","1","9","143127","spotify:user:flngr","2015-06-01T09:54:37Z"
"spotify:track:1KWjYy2DiQNLt9XrxwdZ5a","Autumn","Afta-1","Undefined","1","15","262836","spotify:user:flngr","2015-06-01T10:17:26Z"
"spotify:track:7EmsQE0E0cww94BkvwsjSH","Ahmad III","Afta-1","Undefined","1","16","174556","spotify:user:flngr","2015-06-01T10:20:36Z"
"spotify:track:1Nyo1gJJnOjUfc8YSrenSu","Connect","Afta-1","Undefined","1","17","201865","spotify:user:flngr","2015-06-01T10:24:49Z"
"spotify:track:555gxXfb1TjfdX043yVCvk","Tiden Flyver (Remix)","Afta-1","Undefined","1","18","254847","spotify:user:flngr","2015-06-01T10:27:46Z"
"spotify:track:78WzGgxmLxcYKYR8Qoz2Ty","The Rainbow Song","Art of Tones","The Rainbow Song","1","1","455798","spotify:user:flngr","2015-06-05T09:30:06Z"
"spotify:track:7e0X6kjAc9ZCqxkmnqaSNV","Magic","Purple Disco Machine","Shir Khan Presents Black Jukebox 11","1","1","454541","spotify:user:flngr","2015-06-05T09:31:11Z"
"spotify:track:6fGcPe62WgxxkNWjOXCTQv","Kill Frenzy","Fouk","Kill Frenzy EP","1","1","361958","spotify:user:flngr","2015-06-05T09:33:00Z"
"spotify:track:1kWUWRirwRMIplVsHlz0gl","Toi & Moi","Joss Moog","Toi & Moi EP","1","1","377435","spotify:user:flngr","2015-06-05T09:36:48Z"
"spotify:local:Phil+Weeks::Joss+Moog%2C+Around7+-+eGo+-+Gaye+Party+Joss+Rework+%28Robsoul%29:363","Joss Moog, Around7 - eGo - Gaye Party Joss Rework (Robsoul)","Phil Weeks","","0","0","363000","spotify:user:flngr","2015-06-05T12:11:30Z"
"spotify:track:5fRJfhzDBzLV5p4B9JfELG","Where We Belong - Original Mix","Purple Disco Machine","Purple Pianos E.P. (Incl. Remix by Veerus & Maxie Devine)","1","2","377547","spotify:user:flngr","2015-06-05T12:19:09Z"
"spotify:track:27r6QNT9QodKlaa6LmCmJy","No Lips - Veerus & Maxie Devine Remix","Purple Disco Machine","Purple Pianos E.P. (Incl. Remix by Veerus & Maxie Devine)","1","3","377125","spotify:user:flngr","2015-06-05T12:19:50Z"
"spotify:track:6rUFa7VeCtIb4GkA4VqRTl","Street Life - Original Mix","Purple Disco Machine","Move Or Not EP","1","2","403959","spotify:user:flngr","2015-06-05T12:21:33Z"
"spotify:local:Electro+Beast::Gel+Abril+-+Changing+Steps:400","Gel Abril - Changing Steps","Electro Beast","","0","0","400000","spotify:user:flngr","2015-06-05T12:31:11Z"
"spotify:local:Kittball+Records::Juliet+Sikora+-+Larrys+Garage:360","Juliet Sikora - Larrys Garage","Kittball Records","","0","0","360000","spotify:user:flngr","2015-06-05T09:44:35Z"
"spotify:local:JimHebSoul::Adri+Block+++-++%22That+Summer+Groove%22:214","Adri Block   -  "That Summer Groove"","JimHebSoul","","0","0","214000","spotify:user:flngr","2015-06-07T08:19:04Z"
"spotify:track:7jYI725H7LP6CBn4PeiAHB","Fox Tooth (Atjazz Galaxy Aart Dub)","Atjazz","Fox Tooth","1","2","412561","spotify:user:flngr","2015-06-07T08:24:49Z"
"spotify:track:5lc5aJ9ALtsQnqTf71wKb3","Saxtrack - Reboot Twisted Fist Remix","Sebo K, Metro","AZ Mezzanine Digital Volume 3","1","16","479547","spotify:user:flngr","2015-06-07T08:59:56Z"
"spotify:track:6hVmtOSVhmQIA02YRGZDlZ","The Beat Inside feat. Marck Jamz","Soledrifter, Marck Jamz","The Beat Inside","1","1","356000","spotify:user:flngr","2015-06-07T09:20:44Z"
"spotify:track:1wfGFNtZDkdnah54kD8cJ8","Can I Mither You?","Chocky","DSCNTD002","1","4","309417","spotify:user:flngr","2015-06-07T09:37:42Z"
"spotify:track:4c0M7zZqz40reYaf4d9JjN","The Supplier","Chocky","Flumo Limited 004: The Supplier","1","1","365145","spotify:user:flngr","2015-06-07T09:40:18Z"
"spotify:track:5iNhGOnqxNFczbwURzPI28","Up All Night","Eli Escobar","Up All Night","1","8","382000","spotify:user:flngr","2015-06-09T08:08:37Z"
"spotify:track:3S6LpIBPwDuWuXgvPN4QIS","M'as tu vu","Around7","Ménage à 3","1","4","374544","spotify:user:flngr","2015-06-14T12:40:44Z"
"spotify:track:1Rc1JXhvX9ZgPS678uVFH2","Lefty's Bar","Fouk","Kill Frenzy EP","1","2","355540","spotify:user:flngr","2015-06-15T14:58:05Z"
"spotify:track:3Kwmhv5EjaQCijYl9ovRWv","Ken Sent Me","Fouk","Kill Frenzy EP","1","3","370134","spotify:user:flngr","2015-06-15T15:02:53Z"
"spotify:local:Stamp+The+Wax::Premiere%3A+Bakradze+-+Quiet+Loop:378","Premiere: Bakradze - Quiet Loop","Stamp The Wax","","0","0","378000","spotify:user:flngr","2015-06-15T15:09:22Z"
"spotify:track:7M0sdJfln2MGvuPxM6vUzr","Warme Kachel","Nachtbraker","Janus EP","1","4","368965","spotify:user:flngr","2015-06-15T15:15:47Z"
"spotify:track:1eTrnLuHxPoW6fZ6yihWu7","Alright","Nachtbraker","Janus EP","1","1","440912","spotify:user:flngr","2015-06-15T15:21:30Z"
"spotify:track:5zX52lNfa9ybYZEn4QI8GD","Seek Deep","Chocky","Flumo 045: Unreleased Highlights 004","1","3","353125","spotify:user:flngr","2015-06-15T15:31:38Z"
"spotify:track:76hv7pvg4pqQ1dQSZMRRuU","Simple","Nicson, Dixie Yure","Flumo 045: Unreleased Highlights 004","1","1","382125","spotify:user:flngr","2015-06-15T15:32:05Z"
"spotify:track:1RZodutpHyDdb59k4yuLpu","Anu Davai","Alland Byallo","Flumo 045: Unreleased Highlights 004","1","2","375500","spotify:user:flngr","2015-06-15T15:32:27Z"
"spotify:track:3csWWV6LcxRl2OjHuLfTJT","Gute Laune","Nachtbraker","Gute Laune EP","1","1","351982","spotify:user:flngr","2015-06-16T21:06:20Z"
"spotify:track:3yEl4FqImJCv6OCG1Dt2jO","Life - Original Mix","Siren's Echo, Taj","Supa Soul Sista's","1","4","200453","spotify:user:flngr","2015-06-22T09:28:51Z"
"spotify:track:4FRiF3NH48UPZmhPt2d9UA","Read My Mind - Original Mix","Daniela La Luz","Based on Electricity","1","4","421951","spotify:user:flngr","2015-06-23T11:42:55Z"
"spotify:track:2q0WFOsFc7Gd9cujpPmZMC","Universal traveler","Air","Talkie Walkie","1","4","262013","spotify:user:flngr","2015-06-24T20:56:37Z"
"spotify:local:Exploitedrec::YDNA+-+Safari+%7C+Exploited+Ghetto:501","YDNA - Safari | Exploited Ghetto","Exploitedrec","","0","0","501000","spotify:user:flngr","2015-06-26T07:29:56Z"
"spotify:track:2wpFG1GRlv3vMFmhmF4xoQ","Vendredi","Sauvage","Jadis - EP","1","1","222184","spotify:user:flngr","2015-06-26T07:51:11Z"
"spotify:track:3QHy9pdnG4VHNfJfcB8jKL","Eche","Joachim Pastor","Telfair","1","1","367500","spotify:user:flngr","2015-06-27T13:11:38Z"
"spotify:track:6g2isxuvzSE82aUHx5MDzO","Lollywood - Original Mix","Joachim Pastor","Nailcutter","1","2","360000","spotify:user:flngr","2015-06-27T13:17:44Z"
"spotify:track:3NrgT6Zu8VdMb1YPv2ToW4","Begin Gro - Bebetta Remix","Rich Vom Dorf","Nachtwandler, Vol. 10 - Deep Electronic House","1","9","415417","spotify:user:flngr","2015-06-27T13:20:36Z"
"spotify:track:7JlkePJgHEZ3X59QCwqoLQ","Mizu","Rich Vom Dorf","Sawu & Mizu","1","3","471746","spotify:user:flngr","2015-06-27T13:24:48Z"
"spotify:track:7jfVMfVRSBdQ3iF7AkL45i","Mantrakoma - Kris Menace Remix","Dusty Kid","Nachtwandler, Vol. 10 - Deep Electronic House","1","12","358685","spotify:user:flngr","2015-06-27T13:29:29Z"
"spotify:track:46dgSU5hNAlZFlgOlSdNXj","Chentu Mizas","Dusty Kid","Beyond That Hill","1","4","399359","spotify:user:flngr","2015-06-27T13:30:53Z"
"spotify:track:2cwQ3rf0AdyogOe5rnZdOw","I'm Gonna","SKMK","Giving Up on You","1","2","417961","spotify:user:flngr","2015-06-27T13:41:17Z"
"spotify:track:0tPTn10NdScyuNEKsvL97C","What a Night","SKMK","What a Night EP","1","1","417991","spotify:user:flngr","2015-06-27T13:43:04Z"
"spotify:track:1oH2CPFjAbvEQsf9PJnQ1X","I Know Your Head","SKMK","Giving Up on You","1","4","321994","spotify:user:flngr","2015-06-27T13:49:40Z"
"spotify:track:4MsOxoz0TrwaGWYWn1Vapl","Down In L.A. - Shazam Remix","Munk","Remixed Compilation","1","1","319133","spotify:user:flngr","2015-06-30T16:33:51Z"
"spotify:track:55mw3s9J9Kl5awos04c4PI","The Rat Race - Siriusmo Remix","Munk","Remixed Compilation","1","8","329560","spotify:user:flngr","2015-07-01T12:01:17Z"
"spotify:track:2XSET47tdi1YEJanv1WFmp","Live Fast Die Old - Who Made Who Remix","Munk, Asia Argento","Remixed Compilation","1","11","482506","spotify:user:flngr","2015-06-30T17:10:58Z"
"spotify:track:0rNqaugXm0ynLKiAUXL0AZ","Le bel age","Around7","Le bel age","1","1","372474","spotify:user:flngr","2015-07-01T12:03:20Z"
"spotify:track:5Y9baD3osATetJH4uZ575X","Bleu","Worakls","Alpine Grooves, Vol. 5 (Kristallhütte)","1","7","466224","spotify:user:flngr","2015-07-11T10:36:43Z"
"spotify:track:21J2SrzwsKJhcrQ2wCqqJE","Bleu - N'to Remix","Worakls","Good Night My Love","1","4","487142","spotify:user:flngr","2015-07-11T10:40:32Z"
"spotify:track:6fCrBEDxTD3ioUlLbZKIrD","Ayahuasca","N'to","Petite","1","2","418702","spotify:user:flngr","2015-07-12T20:41:03Z"
"spotify:track:0HmrVB0mlxz0qccZYtXaGE","Monkey Man","N'to","Monkey Man","1","1","391542","spotify:user:flngr","2015-07-12T20:43:03Z"
"spotify:track:3mRHh0nNcgbZILHXCxPvkm","Blind Birds","N'to","1825","1","2","549035","spotify:user:flngr","2015-07-12T20:43:51Z"
"spotify:track:2LjY5lUWi89NUG9D8PXdfM","Pandore","N'to","The Bosnian EP","1","2","450650","spotify:user:flngr","2015-07-12T20:44:43Z"
"spotify:track:3NZyQZyzjwYV1ZpgxYrwDs","The Journey, Pt. 2","Jay Lumen","JCTEAK, Vol. 9","1","1","466000","spotify:user:flngr","2015-07-12T20:46:42Z"
"spotify:track:0QpE9gjfImIYGu34LiRGyO","Back To Ipanema","Lauhaus","Cocoon Compilation I","1","2","360160","spotify:user:flngr","2015-07-12T20:48:54Z"
"spotify:track:0NqZxla83NAjyJdZDKg4iD","Port Of Call - Brodanse Remix","Lauhaus","Port Of Call EP","1","2","402283","spotify:user:flngr","2015-07-12T20:50:15Z"
"spotify:track:2gtapCplmxJvCZ0lrHkqau","Animal Mother","pablo mateo","Why EP","1","1","504367","spotify:user:flngr","2015-07-12T20:56:56Z"
"spotify:track:4QdR01ObM9RgUm22xbA6bG","Bruten","Johanna Knutsson, Hans Berg","Family Horror Pt. 2","1","3","464355","spotify:user:flngr","2015-07-12T20:59:14Z"
"spotify:track:7FoxxRYCGAZbYZrsnlZnQH","Falling","Falke","Algebra","1","2","381530","spotify:user:flngr","2015-07-12T21:04:02Z"
"spotify:track:0hgT8g6r11dfrRhiLmutu6","Dust Devil - Original Mix","Lauhaus","Relocation EP","1","6","379368","spotify:user:flngr","2015-07-13T14:08:53Z"
"spotify:track:5FVVFU5BxdBLgk4iCCMvzW","Tides - Original Mix","Lauhaus","Relocation EP","1","8","499199","spotify:user:flngr","2015-07-13T14:14:35Z"
"spotify:local:Empreinte+Musicale::Mr.G+-+Crab+Jerk:327","Mr.G - Crab Jerk","Empreinte Musicale","","0","0","327000","spotify:user:flngr","2015-07-15T19:28:36Z"
"spotify:track:4C7HIrqxpooz0BXzuXEG1B","Protest","9west","What's On Your Mind EP","1","3","453000","spotify:user:flngr","2015-07-15T19:31:41Z"
"spotify:track:7dTUZ611cP9YEMrKQv3ww3","I Need U","Fort Romeau","Kingdoms","1","6","304168","spotify:user:flngr","2015-07-26T10:04:31Z"
"spotify:track:7dw79k9XSEz5uBp8G9QnPs","The Trooper","9west","Heart Shaped Moon","1","3","352625","spotify:user:flngr","2015-07-26T15:50:18Z"
"spotify:track:6AUbJD8nyN8YQ0HPzMVsYC","The Only Option","9west","Heart Shaped Moon","1","4","329032","spotify:user:flngr","2015-07-26T15:50:18Z"
"spotify:track:7uCN5Z9DHElpeMwwAfMJpH","Between Walls","9west","Heart Shaped Moon","1","9","348196","spotify:user:flngr","2015-07-26T16:16:29Z"
"spotify:track:6bH9u2lwGnbDlhKEbun2uH","Doa","Dusty Kid","The Arsonist","1","1","478595","spotify:user:flngr","2015-07-27T12:43:27Z"
"spotify:local:From+Minimal+To+Progressive::Roman+Fl%C3%BCgel+-+The+Odd+Lobster+%28Original+Mix%29:317","Roman Flügel - The Odd Lobster (Original Mix)","From Minimal To Progressive","","0","0","317000","spotify:user:flngr","2015-08-02T09:15:19Z"
"spotify:track:7iQ1TjOoYi33BupikScqAa","Get A Move On!","Mr. Scruff","Keep It Unreal","1","3","205666","spotify:user:flngr","2015-08-04T11:38:04Z"
"spotify:track:2VCZIzPKhNjDr196NBd2bs","Colouring Book","Freaky Behaviour","Fat Burger","1","2","395166","spotify:user:flngr","2015-08-04T22:10:16Z"
"spotify:local:Monkey+State::An+Ode+to+Jon+-+Opal+Block:178","An Ode to Jon - Opal Block","Monkey State","","0","0","178000","spotify:user:flngr","2015-08-05T18:09:01Z"
"spotify:track:3QfjckIFBQgVeXXnzEvNV8","Circle Culture","Anja Schneider","Circle Culture","1","1","413431","spotify:user:flngr","2015-08-19T19:25:29Z"
"spotify:track:3JdVztJMoAannoVn51IUYa","Good Life - Matt Smallwood Remix","Inner City","Kevin Saunderson Presents : Inner City Good Life 2013 Remixes","1","2","421935","spotify:user:flngr","2015-08-19T19:31:07Z"
"spotify:track:5LDOmGjfpk25NjSLToUHyq","Chuggernaut - Original Mix","Sean Collier","Chuggernaut","1","1","430080","spotify:user:flngr","2015-08-19T19:34:44Z"
"spotify:track:4Vmc1sc76HfJyNs0pTkyor","Floating World - Chuggy's Dub","Faze Action","Remixes #1","1","4","455710","spotify:user:flngr","2015-08-19T19:57:41Z"
"spotify:track:1U628qeBCFK2G38aPNyT5O","Back Around - Mutron Remix","Bo Geste","Back Around","1","2","438447","spotify:user:flngr","2015-08-19T20:03:13Z"
"spotify:track:77q0Ml0jCxymYWruURxkPB","The Silly One - Original Mix","Bo Geste","What Ever Saves You","1","2","436314","spotify:user:flngr","2015-08-19T20:06:25Z"
"spotify:track:0n0n0Xs2uXoTdkWHYATe5f","Vayaal","Roy Rosenfeld, Guy Mantzur","Meeting Point","1","11","327389","spotify:user:flngr","2015-08-28T14:38:01Z"
"spotify:track:6TwaY7dArddph84IrH5PwD","Hand Sun Down","Alland Byallo","Bones, Flesh","1","6","388250","spotify:user:flngr","2015-08-29T18:57:10Z"
"spotify:track:45cgcRRBHA4kmToEcMwAbE","Tomb Tomb","Alland Byallo","Bones, Flesh","1","7","351175","spotify:user:flngr","2015-08-29T19:03:40Z"
"spotify:track:4LcNM4yskNzZm66Qvj3cEI","Periphery","Alland Byallo","Bones, Flesh","1","8","322536","spotify:user:flngr","2015-08-29T19:09:22Z"
"spotify:track:1RRBCwEbu1gsgzuzLONpsh","Singularity","Alland Byallo","Bones, Flesh","1","10","348601","spotify:user:flngr","2015-08-29T19:18:28Z"
"spotify:track:5bs5gIFEZk65YShwdijBEV","She Dines On My Eyes - Original Mix","Alland Byallo","She Dines On My Eyes","1","1","514878","spotify:user:flngr","2015-08-29T19:22:47Z"
"spotify:track:5ZYQdwsikhfE81WIPNJVr9","Tribune - Original Mix","Alland Byallo","She Dines On My Eyes","1","3","492000","spotify:user:flngr","2015-08-29T19:41:29Z"
"spotify:track:6RUyTJnY3Snlmba9pWUsGP","She Dines On My Eyes - Clint Stewart Ipa Remix","Alland Byallo","She Dines On My Eyes","1","4","399341","spotify:user:flngr","2015-08-29T19:49:03Z"
"spotify:track:3GeONA4PIDnUcUTFAP2p33","She Dines On My Eyes - Fernando Daxta Dine With Us Remix","Alland Byallo","She Dines On My Eyes","1","5","487999","spotify:user:flngr","2015-08-29T19:55:18Z"
"spotify:track:3LX9mzJrzHy3P2qozfVvkS","Crepuscular - Dave Aju Remix","Alland Byallo","Crepuscular","1","2","452489","spotify:user:flngr","2015-08-29T20:07:06Z"
"spotify:track:2NgBN3g55MDvyttb7Wd7hH","All We Need (feat. Shy Girls) - Haywyre Remix","ODESZA, Shy Girls","All We Need Remixes","1","10","210999","spotify:user:flngr","2015-08-31T06:42:53Z"
"spotify:track:1cChxFats0L1Zfk6xcO5sE","Toast","Ivan Ave","Low Jams","1","2","193491","spotify:user:flngr","2015-08-31T12:18:24Z"
"spotify:track:29uujMCT9FyW85vpW0iCc9","Not Easy - David Phillips Remix","The Glitz","Songkran Festival 2015","1","4","434771","spotify:user:flngr","2015-08-31T19:53:06Z"
"spotify:track:6yaUsp1JTrvLtDWaYU1BOd","Wait for Me","A.N.I.C.E.","Raw Shades One","1","7","494377","spotify:user:flngr","2015-08-31T21:18:25Z"
"spotify:track:1uuhoXafn75qczhmCQGywJ","Ilook - Tony Lionni Remix","Brothers Of Zion","Raw Shades One","1","11","430667","spotify:user:flngr","2015-08-31T21:48:19Z"
"spotify:track:5pxeEYzhiu8kEvsJZl5rWy","Burning Bright","Maya Jane Coles, Kim Ann Foxman","Comfort","1","3","275973","spotify:user:flngr","2015-09-01T20:42:46Z"
"spotify:track:2tQxrhLg9pN6NJZQqSkR2k","Everybody´s Got To Learn Sometime","The Field","Yesterday and Today","1","2","407480","spotify:user:flngr","2015-09-01T20:47:13Z"
"spotify:track:23ewztfwfSuULU946Dn96d","Love Pressure","Sepalcure","Love Pressure EP","1","1","249417","spotify:user:flngr","2015-09-01T21:11:15Z"
"spotify:track:09MJuGBrtTRjK1HnrCG8Za","When The Past Was Present","John Talabot","Fin - Special Edition","1","9","306106","spotify:user:flngr","2015-09-01T21:23:20Z"
"spotify:track:5W9tNDrGk5MdyRvvR0yQZk","Home Tonight (Extended Version)","Lindstrøm, Grace Hall","Home Tonight","1","1","553239","spotify:user:flngr","2015-09-01T21:51:35Z"
"spotify:track:658lejQ8rSG1OaRyhm13no","Not A Word","Fort Romeau, New Jackson","Insides","1","5","363124","spotify:user:flngr","2015-09-02T20:04:13Z"
"spotify:track:2pucDx5Wyz9uHCou4wntHa","Inspector Norse","Todd Terje","It's the Arps","1","1","400751","spotify:user:flngr","2015-09-02T20:06:41Z"
"spotify:track:3qui9azjjFN4uKPT3Mm4Lt","La Bonne Attitude","Dela","Atmosphere Airlines Vol.1","1","20","200182","spotify:user:flngr","2015-09-03T19:13:12Z"
"spotify:track:0gOxMzheaAPk6cLWBIk5fc","The Blues (It Began in Africa)","Romare","Meditations On Afrocentrism EP","1","2","235188","spotify:user:flngr","2015-09-02T20:13:01Z"
"spotify:track:6rYHbJ4ckbC4XgHSXl5pjf","Sais","Floating Points","Shadows","1","5","483594","spotify:user:flngr","2015-09-02T20:38:06Z"
"spotify:track:343aWbF8rm23ibamGJcNbR","In Another Room (Original Mix)","Pional","A Moot Point","1","1","454265","spotify:user:flngr","2015-09-02T20:51:48Z"
"spotify:track:0Def9GQnjyliBmy7LmoXvn","Svensk Sås","Todd Terje","It's Album Time","1","4","163613","spotify:user:flngr","2015-09-02T21:04:03Z"
"spotify:track:5x61K48UFO4fWqFqIq5INt","Q","Todd Terje","Spiral","1","2","720113","spotify:user:flngr","2015-09-02T21:23:05Z"
"spotify:track:5uWrXGGUvhLcp9EqoC0e2l","Fāār-i-kāāl","Lindstrøm","Smalhans","1","5","382573","spotify:user:flngr","2015-09-03T12:05:58Z"
"spotify:track:4645GjIdN5ajbLS8jHDf9X","Love Mugen - R.I.P. Nujabes","Kyo Itachi","Love Mugen","1","1","198202","spotify:user:flngr","2015-09-03T19:30:50Z"
"spotify:track:4ymXwiXDWi6Z2NU117llAu","Just Do It (Feat. Awon & Tiff The Gift)","SoulChef","Remember When","1","8","170831","spotify:user:flngr","2015-09-03T20:19:01Z"
"spotify:track:2smgUQLlE2zNIHLwmLdz6h","Inspector Norse - Justin Van Der Volgen Remix","Todd Terje","Justin Van Der Volgen Remixes (EP)","1","1","615911","spotify:user:flngr","2015-09-05T11:17:23Z"
"spotify:track:2pD2lGFTBKkczKD8boqCzI","How Do You Do? - Todd Terje remix","Hot Chip","How Do You Do?","1","2","549266","spotify:user:flngr","2015-09-06T13:25:54Z"
"spotify:track:33shKj8ITudJZWeILU6Ciu","Camino Del Sol (Todd Terje Remix)","Antena, Various Artists","Ku De Ta Vol. 1. Best of (By Jim Breese & Btk)","1","13","406511","spotify:user:flngr","2015-09-06T13:30:00Z"
"spotify:track:6Ege4SUL3r8I6upqSbmGop","Sun Is Back","Julien Jabre","Sun Is Back","1","1","408146","spotify:user:flngr","2015-09-06T20:52:15Z"
"spotify:track:4ynBONkE7gUFvWJQyvMSyF","Amour","Soha","Defected Presents House Masters: DJ Gregory & Julien Jabre","1","25","352360","spotify:user:flngr","2015-09-06T21:02:41Z"
"spotify:track:3N1P0W3mA0j9lOIZeJApF4","Rush","Joss Moog","Toi & Moi EP","1","2","373117","spotify:user:flngr","2015-09-07T20:04:30Z"
"spotify:track:6M1XQvZg1jJeZIYmgV2hfZ","Alone Together - Remastered","Art Farmer","The Old Wild Shadow","1","18","237028","spotify:user:flngr","2015-09-18T19:30:38Z"
"spotify:track:48y4ORRx0LJ7aQdgYXb5NK","Live the Dreams","Rivera Rotation","Horsley Park","1","9","335640","spotify:user:flngr","2015-09-18T20:17:20Z"
"spotify:track:5dkKKaVdvpcYecoxkwC6sa","Waterdrops","Rivera Rotation","Waterdrops","1","11","352986","spotify:user:flngr","2015-09-18T20:29:10Z"
"spotify:track:154HeLVomscZhngFEsg2TK","All Day (Silicon Soul Darkroom Dub)","Rivera Rotation","All Day/All Night","1","4","487723","spotify:user:flngr","2015-09-18T20:59:29Z"
"spotify:track:5iMiqUvKVXgx7HTDTZ6qXk","Disco Gamma","Los Charly's Orchestra","Chicano Disco Funk","1","10","305799","spotify:user:flngr","2015-09-19T16:08:59Z"
"spotify:track:3IChE7uz4JUSrYIQCN1s9k","Disco Gamma - Pete Herberts Balearic House Mix","Los Charly's Orchestra","Disco Gamma","1","1","333916","spotify:user:flngr","2015-09-19T16:11:33Z"
"spotify:track:0G0QERN9xjEsiJqQbiTgtw","Eazy Rider - Chip Wickham Remix","Eddie Roberts & The Fire Eaters","The Sound of Légère Recordings: Disco Vibes","1","4","247573","spotify:user:flngr","2015-09-19T20:59:09Z"
"spotify:track:3VTNdgz6YtKZDPjdN92fnZ","No Fish In Detroit - Original Mix","Damiano von Erckert","I Think We Agree, The Past Is Over","1","3","324300","spotify:user:flngr","2015-09-20T13:14:53Z"
"spotify:track:2RHdGi3vXNwtCz3WhrKKjl","Last One","Damiano von Erckert","No.30","1","5","312195","spotify:user:flngr","2015-09-20T13:16:32Z"
"spotify:track:57P9iYR8CPPgj1QtsNnjub","Figure of Speech","Detroit Swindle","Figure of Speech","1","1","399397","spotify:user:flngr","2015-09-20T13:19:53Z"
"spotify:track:5l2PMgMfAZpA9pQXL7GRJ1","You, Me, Here, Now","Detroit Swindle","Boxed Out","1","13","293836","spotify:user:flngr","2015-09-20T13:28:42Z"
"spotify:track:0SWE9oLg44SJJ6dQninccn","Unlimited Dancemoves - Original Mix","Christopher Rau","Two","1","3","428600","spotify:user:flngr","2015-09-20T18:03:28Z"
"spotify:track:7EaWVaaWRklCF1PcerxeAF","Sound Shake - Original Mix","Christopher Rau","Two","1","7","449945","spotify:user:flngr","2015-09-20T18:27:34Z"
"spotify:track:1V0q5cUroUwxsOLiXjbLfz","Ciao - Original Mix","Christopher Rau","Two","1","8","233913","spotify:user:flngr","2015-09-20T18:33:44Z"
"spotify:track:5IoQprmEOUwbOxQRCgZu9t","Ping To You - Original","Christopher Rau","Asper Clouds","1","2","238706","spotify:user:flngr","2015-09-20T18:45:14Z"
"spotify:track:64zhlJchm50RmUwcrnnvpJ","Always The Same - Original","Christopher Rau","Asper Clouds","1","5","503440","spotify:user:flngr","2015-09-20T18:51:52Z"
"spotify:track:1iAtFelIDMdw2hxUZonUXt","Capri - Original","Christopher Rau","Asper Clouds","1","8","388306","spotify:user:flngr","2015-09-20T19:12:40Z"
"spotify:track:1Endaw8XE8KBh4GHNxl5f2","Late Night Jam - Original Mix","Levon Vincent","Panorama Bar 02 - Part II","1","1","616109","spotify:user:flngr","2015-09-22T11:43:09Z"
"spotify:track:7iK800U2nF9u2UFhgdZ4RW","Mehris Groove","Christopher Rau","Broke - EP","1","1","564963","spotify:user:flngr","2015-09-22T11:58:52Z"
"spotify:track:7mgwkIKuZOHpUU4jd1Kz1I","Mirrorflip","Jacob Korn","Supakrank","1","1","457626","spotify:user:flngr","2015-09-22T12:31:02Z"
"spotify:track:5tEYg1a2oNb4cIW7Ae1qhI","Soft Wide Waist Band - Original Mix","Iron Curtis","Soft Wide Waist Band","1","4","285715","spotify:user:flngr","2015-09-23T13:34:04Z"
"spotify:track:549v2VK0UkeerDlnOZ3rIT","Just Body Left - Original Mix","Iron Curtis","Soft Wide Waist Band","1","7","254203","spotify:user:flngr","2015-09-23T13:44:51Z"
"spotify:track:7kcUCIpVBK6w1OwoiiPSpi","Raw Cuts #3","Motor City Drum Ensemble","Raw Cuts Vol1","1","4","416346","spotify:user:flngr","2015-09-23T15:03:09Z"
"spotify:track:6AncWrGy6sYmstrdbmvZ4E","Starsoup - Original Mix","Redshape","Square","1","6","462146","spotify:user:flngr","2015-09-23T15:34:33Z"
"spotify:track:6khiPXapuKJt8npyZXhL0Q","Love's Got Me High - Marc Romboy's Systematic Soul Mix","Terrence Parker","Love's Got Me High (Systematic presents Lost Treasures Vol. 1)","1","1","401118","spotify:user:flngr","2015-09-24T15:32:16Z"
"spotify:track:3LITLZlJ9bmlcCChraaKlv","Found A Place - Original Mix","Tony Lionni","Toolroom Knights Mixed By Tocadisco & Chris Lake","1","23","326377","spotify:user:flngr","2015-09-24T15:40:28Z"
"spotify:track:53g6q0y6ZKuDmnKBHMxqpf","Relative - Hamdi Ryder Remix","Joss Moog","Relative","1","4","388581","spotify:user:flngr","2015-09-24T15:43:09Z"
"spotify:track:05mmmYz2V3yNehfZAoYAU4","By My Side","Phil Weeks","By My Side","1","1","279672","spotify:user:flngr","2015-09-24T15:45:06Z"
"spotify:track:5K94PxwZKGzpXuI2IuHBG3","Air Valley","James Welsh","The Place Ibiza Vol. 3","1","9","399243","spotify:user:flngr","2015-09-24T16:08:18Z"
"spotify:track:0oRkadxE63mxGGGdsUflE9","The Fidelity","Mic Newman","The Fidelity & Casualty EP","1","1","405053","spotify:user:flngr","2015-09-24T16:26:19Z"
"spotify:track:387Ud49LDQsuouuHmwiVyV","They Say I Can't Fly","and.id","Eternal Return","1","2","378080","spotify:user:flngr","2015-09-24T16:31:53Z"
"spotify:track:4dDBjoqCC4hBTG62AlFC7F","Bakshi","Audio Werner","Circus Company Presents Snuggle & Slap","2","7","436535","spotify:user:flngr","2015-09-24T16:34:14Z"
"spotify:track:1YOfvy5lZSgNNMhqiRDSqW","Can you scratch?","Audio Werner","Can You Scratch?","1","1","568581","spotify:user:flngr","2015-09-24T16:36:07Z"
"spotify:track:34BXtMUGbND85hP0Baz9zQ","?","Audio Werner","Can You Scratch?","1","2","614561","spotify:user:flngr","2015-09-24T16:36:36Z"
"spotify:track:3bAw9BaRJ3b7cikQHCZNbb","Ulip - Original","Audio Werner","A.S.A.P. EP","1","2","533733","spotify:user:flngr","2015-09-24T16:37:19Z"
"spotify:local:::Christopher+Rau+-+Capri+%28Starjammers+dubbed-out-edit%29:424","Christopher Rau - Capri (Starjammers dubbed-out-edit)","","","0","0","424000","spotify:user:flngr","2015-09-26T20:25:50Z"
"spotify:track:1CiooI9qbqWXE5wVL2ik8I","Discopolis [Alan Braxe Remix]","Lifelike, Kris Menace","Discopolis","1","3","336200","spotify:user:flngr","2015-10-08T21:46:35Z"
"spotify:local:SOUNDRESS::Foster+The+People+-+Best+Friend+%28Dim+Sum+Remix%29:290","Foster The People - Best Friend (Dim Sum Remix)","SOUNDRESS","","0","0","290000","spotify:user:flngr","2015-10-18T14:27:31Z"
"spotify:track:4CdVHrbqh0DYETZ001k7eC","Mirror Box","Flako","Mesektet Extnd","1","9","172426","spotify:user:flngr","2015-10-21T10:01:57Z"
"spotify:track:2oDjrJU4Ix6KDB1rO6wMhk","Hello","Axel Boman","What People Play House Compilation 4 by Wordandsound","1","1","519467","spotify:user:flngr","2015-10-21T14:32:38Z"
"spotify:track:10SW2nNbPIxeS2ESjlsUH4","The Excitement Happens at Page 320","Frits Wentink","Rarely Pure, Never Simple","1","2","243039","spotify:user:flngr","2015-10-21T14:49:08Z"
"spotify:track:1twxkpDDwI5n4CPeeUMEyF","The Circus","Frits Wentink","Rarely Pure, Never Simple","1","7","258129","spotify:user:flngr","2015-10-21T14:50:17Z"
"spotify:track:2eIWoKvsTvCk9ZLZwzhOqW","Ligament","Frits Wentink","Family Dinner EP","1","2","317908","spotify:user:flngr","2015-10-21T14:53:37Z"
"spotify:track:0bSl49I3GZRrgDXT9YNdOP","Mouse","Frits Wentink","WOLFEP019","1","1","388149","spotify:user:flngr","2015-10-21T14:56:44Z"
"spotify:track:1Pf8tBN9CNj56gEIKGoyY2","Aquarelle","Frits Wentink","Live Fast, Dwayne Young","1","5","480544","spotify:user:flngr","2015-10-23T19:34:41Z"
"spotify:track:1VNwltjsVkGDuBxdigLjGg","Wheel And Come Again","Roger Robinson","Dis Side Ah Town","1","10","177877","spotify:user:flngr","2015-10-23T20:41:53Z"
"spotify:track:0NzqaEyzoXVuPH22aKqxoY","5000 Hz - Original Mix","Mihai Popoviciu","5000 Hz","1","1","410163","spotify:user:flngr","2015-10-23T21:42:25Z"
"spotify:track:5s9fQHo9OvrkYmDIkTKT9W","Slightly Pale - Original Mix","Mihai Popoviciu","The Unexpected Truth","1","6","388400","spotify:user:flngr","2015-10-23T21:44:35Z"
"spotify:track:3qOZDY8obegsDt8ICOYzgK","Schiretlic - Original Mix","Mihai Popoviciu","Prime Number","1","3","378415","spotify:user:flngr","2015-10-23T21:48:00Z"
"spotify:track:6AvKZUpwaUunT2KNpFc6fz","Sortable (Original Mix)","Mihai Popoviciu","Sortable","1","1","429421","spotify:user:flngr","2015-10-23T21:51:39Z"
"spotify:track:1TUpWf6Y6dURg09jbxXAKV","How Long Has This Been Going on","Carmen McRae","Most Wanted Remixed Jazz","1","10","297600","spotify:user:flngr","2015-11-07T10:30:27Z"
"spotify:track:2VURGUBH0w1Mja4BvZ07an","Love is in the bed","So","Programing Jazz","1","1","190694","spotify:user:flngr","2015-11-07T14:42:25Z"
"spotify:local:::Kerri+Chandler+-+In+The+Morning+%28Bigga+Remix%29:484","Kerri Chandler - In The Morning (Bigga Remix)","","","0","0","484000","spotify:user:flngr","2015-11-07T16:46:24Z"
"spotify:track:1v6wfh5bUCnOttxRUpNST2","Birdcage","You Man","Restless","1","1","339082","spotify:user:flngr","2015-11-08T22:29:51Z"
"spotify:track:7CaCrCBFkpA5u0mJGNFLsO","Hot Hands","Darius","Bondax & Friends - The Mix Album","1","16","253560","spotify:user:flngr","2015-11-09T21:51:09Z"
"spotify:track:4VSDGgNKnvln23aPjX6Pgn","Lay-by","Tennyson","Lay-by","1","1","271333","spotify:user:flngr","2015-11-09T21:59:31Z"
"spotify:track:0MxCNPDiEY8Ujbd1IJKijo","Szikra","Kornél Kovács","Szikra","1","1","401573","spotify:user:flngr","2015-11-10T13:34:42Z"
"spotify:track:4L5TqeZXrRbJq3EN6YMjPC","Szikra - Bónusz Beat","Kornél Kovács","Szikra","1","2","335551","spotify:user:flngr","2015-11-10T13:35:25Z"
"spotify:track:5DiuFB33aSbbdGEJejc6g6","No Matter What","Huxley","We Drop Tracks! (A Deep House Selection)","1","8","417811","spotify:user:flngr","2015-11-10T13:37:44Z"
"spotify:track:1EyBwLwYQJwqPoIQo7P5Do","Messenger","Lucatwana","We Drop Tracks! (A Deep House Selection)","1","20","384937","spotify:user:flngr","2015-11-10T13:39:35Z"
"spotify:track:6oY0hAIYyhmC2IsPDjqENo","We Believe in Melody","Zenbi","We Drop Tracks! (A Deep House Selection)","1","17","375606","spotify:user:flngr","2015-11-10T13:39:44Z"
"spotify:track:050FRfGTiixo8MfXyAiteV","The Rift Valley","Rebelski","We Drop Tracks! (A Deep House Selection)","1","22","200039","spotify:user:flngr","2015-11-10T13:41:18Z"
"spotify:track:1DWHOyfDq3zb3mJb12LIn5","Discocity","Fafa Monteco","Funky But Cheak","1","1","344236","spotify:user:flngr","2015-11-10T13:48:35Z"
"spotify:track:7HH45FsZHLSZHU2la6og8w","Party People","Mike 303","Old School House","1","18","307910","spotify:user:flngr","2015-11-10T13:53:38Z"
"spotify:track:29tFk1DwF9Bjkm66ZTLpS0","Wayfairer","Huxley","Blurred","1","8","271583","spotify:user:flngr","2015-11-15T22:31:31Z"
"spotify:track:63PRK3wrB4BhVhyAKwHPgS","Shower Scene - Original Mix","Huxley","Act Natural Records Best Of, Vol. 1","1","1","377505","spotify:user:flngr","2015-11-15T22:53:10Z"
"spotify:track:6oXz7Bpaz7zVe4g0dUJqHE","Like One - Chris lattner Remix","Huxley","Act Natural Records Best Of, Vol. 1","1","3","397373","spotify:user:flngr","2015-11-15T22:53:31Z"
"spotify:track:4ZASjA89naWuFU1q5C9xbq","Regulate - Matt Tolfrey Remix","Camiel Daamen","Act Natural Records Best Of, Vol. 1","1","5","474975","spotify:user:flngr","2015-11-15T22:53:59Z"
"spotify:track:4RY83H2WdkBkqqIX0ERrmG","You Are Beautiful (The Hustler 12" Mix)","Alex K","Weepa! (The String Song)","1","8","434626","spotify:user:flngr","2015-11-22T16:50:14Z"
"spotify:track:3hH0nFoo3ZcBzggdKXkgs0","Teenage color","College","Teenage color Ep","1","2","193893","spotify:user:flngr","2015-11-22T21:36:34Z"
"spotify:track:3DjBDQs8ebkxMBo2V8V3SH","Teenage Color (Anoraak Remix)","College","Nightdrive With You","1","7","347400","spotify:user:flngr","2015-11-22T22:00:09Z"
"spotify:track:5CNLmghiclaANRZ3UadZIv","When you smile","College","Secret Diary","1","3","193306","spotify:user:flngr","2015-11-23T14:44:05Z"
"spotify:track:0rBKQiFMwSG2FE5a8TL2G2","Naive Response","Daniel Avery","Drone Logic","1","5","323280","spotify:user:flngr","2015-11-23T14:56:02Z"
"spotify:track:0Xhx7vdMtCyNHaIiO8Vci0","Drone Logic","Daniel Avery","Drone Logic","1","3","429453","spotify:user:flngr","2015-11-23T16:39:47Z"
"spotify:track:7MlT2Kb4Sqjbdu3GQPyCMz","Câlin Calé - Original","Joris Delacroix","Quiet","1","1","413858","spotify:user:flngr","2015-11-25T09:14:25Z"
"spotify:track:06VbGIfDzEWzPODjitFErt","Need Electric","Daniel Avery","Drone Logic","1","7","369840","spotify:user:flngr","2015-11-25T09:26:22Z"
"spotify:track:15ipPIaI8CEjEOtrPxd8uK","All I Need","Daniel Avery","Drone Logic","1","8","415666","spotify:user:flngr","2015-11-25T09:32:55Z"
"spotify:track:5IvojbPfjWfzkdZeO7eDlq","We Have A Nice Life","Roman Flügel","Happiness Is Happening","1","8","353226","spotify:user:flngr","2015-11-25T09:44:40Z"
"spotify:track:2jDDIy9D6hXkuUCnHJr6kN","Your War Is Over","Roman Flügel","Happiness Is Happening","1","4","430533","spotify:user:flngr","2015-11-25T10:01:58Z"
"spotify:track:5xBFcWpd7SxKsXaFwafKSn","Wilkie","Roman Flügel","Happiness Is Happening","1","5","323026","spotify:user:flngr","2015-11-25T10:06:47Z"
"spotify:track:5K2je2DODWdWEQx6fDou7X","Occult Levitation","Roman Flügel","Happiness Is Happening","1","9","331986","spotify:user:flngr","2015-11-25T10:20:54Z"
"spotify:local:Joss+Moog::Sunshine+People+-++Joss+Moog+Edit:384","Sunshine People -  Joss Moog Edit","Joss Moog","","0","0","384000","spotify:user:flngr","2015-11-26T08:20:57Z"
"spotify:local:Joss+Moog::Dan+Jones+-+Pharaoh+165+Joss+Moog+Edit:421","Dan Jones - Pharaoh 165 Joss Moog Edit","Joss Moog","","0","0","421000","spotify:user:flngr","2015-11-26T08:24:47Z"
"spotify:track:7IBKv8IyCnorwbwGb3p5Sh","X","Alex Agore","Mizz Honey EP","1","4","328000","spotify:user:flngr","2015-11-26T08:32:11Z"
"spotify:track:26gE4kLBM9hHGdov5nBfFa","A Blues Tale","Alex Agore","Memories","1","6","300920","spotify:user:flngr","2015-11-26T08:34:02Z"
"spotify:track:7Jsq0Zwi7lGokgax8cozRY","Players","Alex Agore","Memories","1","9","330386","spotify:user:flngr","2015-11-26T08:37:01Z"
"spotify:track:67mbZDJiVekWs2vyrHn5iT","Skyraider","Alex Agore","Victory","1","3","450892","spotify:user:flngr","2015-11-26T08:40:11Z"
"spotify:track:1f76GPFcvMaaMAftYnn28c","Celestial - El_txef_a Remix","VIMES","Exotic Series 6.0","1","3","382745","spotify:user:flngr","2015-11-26T08:43:05Z"
"spotify:track:12DNVxa1MAOVMdeTRa4rGY","What Does it Take","Tommy Vicari Jnr","Threshold of Eternity","1","2","329500","spotify:user:flngr","2015-12-05T21:27:31Z"
"spotify:track:6QcJbxk3gBgEMj1D4ooEOl","Oursong","Tommy Vicari Jnr","Threshold of Eternity","1","4","362622","spotify:user:flngr","2015-12-05T21:35:30Z"
"spotify:track:3QruohbmXYapYhe20oAVA6","Tannhauser - Juju & Jordash Remix","Sisterhood","Call Me Ishmael","1","4","398628","spotify:user:flngr","2015-12-05T21:55:16Z"
"spotify:track:5JSkyPoYHVT85NSd60PVEz","The Son Of Flynn","Daft Punk","TRON: Legacy","1","3","95226","spotify:user:flngr","2015-12-06T13:34:29Z"
"spotify:track:4GspJiSjfLnpAqd8pMK32l","Disc Wars","Daft Punk","TRON: Legacy","1","17","251440","spotify:user:flngr","2015-12-06T14:08:58Z"
"spotify:local:::The+Sunburst+Band+-+Here+Comes+The+Sunburst+Band+%28Fouk+Remix%29:230","The Sunburst Band - Here Comes The Sunburst Band (Fouk Remix)","","","0","0","230000","spotify:user:flngr","2015-12-06T16:30:47Z"
"spotify:track:3yGUz1riQlWmVeuogDu5pP","Cricket Orchestra","Smallpeople","Fortyfour Ways","1","4","289395","spotify:user:flngr","2015-12-06T16:40:13Z"
"spotify:track:2zk3ys4ZiRm8rfjh4uuL2B","Can&apos;t Make A Living","Schwanbeck","Flash","1","4","426687","spotify:user:flngr","2015-12-07T14:37:48Z"
"spotify:track:738BXwyDgu05xAuPZ0CxIK","Goodbye (feat. Lyse) - Original Mix","Feder, Lyse","Goodbye (feat. Lyse)","1","1","290964","spotify:user:flngr","2015-12-16T10:09:36Z"
"spotify:track:1HfjJzNIwMZLrltbG9at7R","Black Boy - Souldynamic Remix","Peven Everett","Black Boy (Remixes)","1","1","374750","spotify:user:flngr","2015-12-16T14:07:51Z"
"spotify:track:3WrREPt2O0jOJu1QenVcdH","Subtube","Joss Moog","Smith","1","2","370772","spotify:user:flngr","2015-12-24T19:30:49Z"
"spotify:track:2WWQVYpVHAJ1isWFZLUwqT","Wash My Soul","Adesse Versions","Wash My Soul","1","1","399972","spotify:user:flngr","2015-12-27T23:24:00Z"
"spotify:track:3gtNKaGcVgOyIpFJ0qQzxP","Edge","Cherokee","Teenage Fantasy - EP","1","5","270000","spotify:user:flngr","2015-12-27T23:34:45Z"
"spotify:track:3bppLmnTN0jQtQMRFwtqR7","Blush","luxury elite","World Class","1","8","162612","spotify:user:flngr","2016-01-13T13:32:20Z"
"spotify:track:6Am1048lD3Cua5DwuEJ1DG","A Jealous Heart Never Rests","The Black Madonna","Lady Of Sorrows","1","1","490990","spotify:user:flngr","2016-01-14T22:05:10Z"
"spotify:track:1cIbogH3UKRqDO2tasfPTg","Like A Fool","Crazy P","Walk Dance Talk Sing","1","1","305649","spotify:user:flngr","2016-01-14T22:10:46Z"
"spotify:track:1YMGTbcwvoo4UypPf451Uy","From The Basement To The Roof - Radio Mix","Club cheval","From The Basement To The Roof (Remix E.P.)","1","2","189626","spotify:user:flngr","2016-01-14T22:13:12Z"
"spotify:track:0M1liCujJdpecB5YYVF5gf","Waterpark Funk (KiNK remix) [feat. Karina Nistal]","Kink, Luvlux, Karina Nistal","Reflections001","1","11","425693","spotify:user:flngr","2016-01-14T22:21:55Z"
"spotify:track:6SYBTnzW7ykkGwol7bA5AO","Don't","Omar Odyssey, Bicep","You / Don't","1","2","367504","spotify:user:flngr","2016-01-14T22:24:51Z"
"spotify:track:0tNqWV6ZEiVFmNuyeSWKVa","We Still Believe - Original Mix","The Black Madonna","We Still Believe","1","1","404816","spotify:user:flngr","2016-01-15T16:42:25Z"
"spotify:track:6k30kQ5hq84YpLp44YnYt0","Alright This Morning - Nicholas Remix","The Black Madonna","Alright This Morning","1","2","397612","spotify:user:flngr","2016-01-15T16:53:27Z"
"spotify:track:7effGCwbELGWPMV2j6RTkG","New Paradise","Harvey Sutherland","Bermuda EP","1","2","410798","spotify:user:flngr","2016-01-15T18:00:41Z"
"spotify:track:6c8enzvH1VZvN9nJGAQNCZ","What They Say","Andras","Embasy Café","1","4","348220","spotify:user:flngr","2016-01-17T21:48:01Z"
"spotify:track:7cjPv54m4EdJHhRbfIIJZ8","Rosie - Nu Guinea's Paradise Remix","Wayne Snow, Nu Guinea, Max Graef","Rosie","1","4","416712","spotify:user:flngr","2016-01-21T13:20:33Z"
"spotify:track:6hzYWxMvLU5hZL1dRTgX48","Red Runner - Glenn Astro & IMYRMIND Remix","I.M.Yrmind, Wayne Snow, Glenn Astro","Red Runner EP","1","3","385669","spotify:user:flngr","2016-01-21T13:21:27Z"
"spotify:track:0B89DCPbdzW16sHKrPP5x5","Experiential Awakening","Legowelt","Crystal Cult 2080","1","1","488301","spotify:user:flngr","2016-01-22T14:57:37Z"
"spotify:track:76JVya7Zp4HlEJCv3hx2qJ","Dab Housing","Real Lies","Real Life","1","2","254613","spotify:user:flngr","2016-01-22T15:00:11Z"
"spotify:track:1ITMcDNHuvVYsy3lHbXIhW","When I'm With You - Original Mix","Mix Chopin","Love Story","1","3","308095","spotify:user:flngr","2016-01-24T12:15:18Z"
"spotify:track:26AdSh1bcJuEsyMihmxpnN","Nuclear Up!","Popular Computer","First Level 2004 - 2007","1","10","328515","spotify:user:flngr","2016-01-24T12:26:54Z"
"spotify:track:0vOEvjFz1DxChfpptRCM4C","And You And You - Original Mix","Smallpeople","Salty Days","1","4","435318","spotify:user:flngr","2016-01-25T15:46:43Z"
"spotify:track:7k8GOLTrd7Nhf5UEKNp8yn","The Loon's Groove - Original Mix","Smallpeople","Salty Days","1","7","372320","spotify:user:flngr","2016-01-25T15:58:58Z"
"spotify:local:Claudio+La+Neve::FUNK+DANCE+-+Sunner+Soul+vs+Letta+Mbulu+-+Nomalizo++++%28+re+edit+soul+%29++++++++HQ.avi:250","FUNK DANCE - Sunner Soul vs Letta Mbulu - Nomalizo    ( re edit soul )        HQ.avi","Claudio La Neve","","0","0","250000","spotify:user:flngr","2016-02-06T09:49:44Z"
"spotify:local:Walter+WoIff::Letta+Mbulu+-+Nomalizo+%28Walter+Wolff+Edit%29:536","Letta Mbulu - Nomalizo (Walter Wolff Edit)","Walter WoIff","","0","0","536000","spotify:user:flngr","2016-02-07T16:46:54Z"
"spotify:track:1h27zl0DAKv4ZJZ81YUViP","$100 Bill - Original Mix","Benoit & Sergio","Bridge So Far","1","2","386194","spotify:user:flngr","2016-02-06T10:15:43Z"
"spotify:track:1WfJepjjWZL6iEnFoS580x","Your Darkness - Original Mix","Benoit & Sergio","Your Darkness EP","1","2","308270","spotify:user:flngr","2016-02-06T10:19:49Z"
"spotify:track:4EGnoNtmOD7GanyLnc7fB8","Nothing Less","No Regular Play","Nothing Less","1","1","425615","spotify:user:flngr","2016-02-06T10:22:50Z"
"spotify:track:0HnA7K1T1Bu7A8QHr3a4ZU","Constantly no respect (the phenomena) - Black Mustang Remix","Black Devil Disco Club, Black Mustang","Ride Again","1","3","469093","spotify:user:flngr","2016-02-07T13:40:16Z"
"spotify:track:3yYLsxafXJke6kqv1DGaRX","Come to This","Clement Bazin","Night Things","1","1","252000","spotify:user:flngr","2016-02-07T16:32:47Z"
"spotify:track:3v2Qy9f2Vnrcj9PJKb0NW9","Hook","Clement Bazin","Night Things","1","4","210447","spotify:user:flngr","2016-02-07T16:37:23Z"
"spotify:track:74B28nUD4wyejz2HZ9tpDn","Rosie - Hurbert Daviz Remix","Hubert Daviz, Wayne Snow, Max Graef","Rosie","1","5","171664","spotify:user:flngr","2016-02-07T21:07:22Z"
